Workbook
Name _Hlk167378349: rekod!$H$297

Sheet rekod
A1: REKOD PENDAFTARAN PERMOHONAN JTPKSAS | M1: =M525 -> 16 | N1: =N525 -> 79 | O1: =O525 -> 1 | P1: =P525 -> 28 | Q1: =Q525 -> 31 | R1: =R525 -> 19 | S1: =S525 -> 4 | T1: =T525 -> 79 | ... AC1: =AC525 -> 144
A3: Bil | B3: Kes | D3: PBT | E3: Tahun | F3: Keputusan | G3: Tarikh Kelulusan | H3: Tajuk | M3: MBSJ | N3: MPAJ | O3: MPK | P3: MBPJ | Q3: MPHS | R3: MBSA | S3: MPKL | T3: MPKj | U3: MPS | V3: MPKS | W3: MPSpg | X3: MDSB | Y3: MBDK | Z3: =J12 -> 0 | AA3: =J13 -> 0 | AB3: =J14 -> 0 | AC3: =J15 -> 0 | AD3: XDE KEPUTUSAN
A4: 1 | B4: PPC Glomac Sdn. Bhd. | C4: =IF(B4="","","vs") -> vs | D4: MBSA | E4: 2010 | F4: BERSETUJU | H4: Permohonan Serahbalik Dan Berimilik Semula Di Bawah Seksyen 204D KTN, Di Atas Lot 243, 395 Dan 397 Mukim Sungai Buloh, Daerah Petaling, Seksyen U17, 40160 Shah Alam, Selangor Darul Ehsan. | M4: =IF(D4=$M$3,1,"") | N4: =IF(D4=$N$3,1,"") | O4: =IF(D4=$O$3,1,"") | P4: =IF(D4=$P$3,1,"") | Q4: =IF(D4=$Q$3,1,"") | R4: =IF(D4=$R$3,1,"") -> 1 | S4: =IF(D4=$S$3,1,"") | T4: =IF(D4=$T$3,1,"") | U4: =IF(D4=$U$3,1,"") | V4: =IF(D4=$V$3,1,"") | W4: =IF(D4=$W$3,1,"") | X4: =IF(D4=$X$3,1,"") | Y4: =IF(#REF!=$X$3,1,"") -> #REF! | Z4: =IF(F4=$Z$3,1,"") | AA4: =IF(F4=$AA$3,1,"") | AB4: =IF(F4=$AB$3,1,"") | AC4: =IF(F4=$AC$3,1,"") | AD4: =IF(F4=$AE$3,1,"")
A5: =IF(B5="","",A4+1) -> 2 | B5: Turf Tech Sdn. Bhd. | C5: =IF(B5="","","vs") -> vs | D5: MPS | E5: 2010 | F5: BERSETUJU | H5: Permohonan Kelulusan Secara Serentak Bagi Pelan Kebenaran Merancang, Pelan Kerja Tanah, Pelan Jalan Dan Perparitan, Pelan Landskap, Pelan Bangunan Perumahan Di Atas Lot 163, Bandar Selayang, Daerah Gombak, Selangor Darul Ehsan. | M5: =IF(D5=$M$3,1,"") | N5: =IF(D5=$N$3,1,"") | O5: =IF(D5=$O$3,1,"") | P5: =IF(D5=$P$3,1,"") | Q5: =IF(D5=$Q$3,1,"") | R5: =IF(D5=$R$3,1,"") | S5: =IF(D5=$S$3,1,"") | T5: =IF(D5=$T$3,1,"") | U5: =IF(D5=$U$3,1,"") -> 1 | V5: =IF(D5=$V$3,1,"") | W5: =IF(D5=$W$3,1,"") | X5: =IF(D5=$X$3,1,"") | Y5: =IF(#REF!=$X$3,1,"") -> #REF! | Z5: =IF(F5=$Z$3,1,"") | AA5: =IF(F5=$AA$3,1,"") | AB5: =IF(F5=$AB$3,1,"") | AC5: =IF(F5=$AC$3,1,"") | AD5: =IF(F5=$AE$3,1,"")
A6: =IF(B6="","",A5+1) -> 3 | B6: Sin Heap Lee Development Sdn. Bhd. | C6: =IF(B6="","","vs") -> vs | D6: MPKj | E6: 2010 | F6: BERSETUJU | G6: bil 6/2010 | H6: Permohonan Kebenaran Merancang Cadangan Serahbalik Dan Berimilikan Semula Tanah Di Bawah Seksyen 204A Kanun Tanah Negara (KTN) Bagi Pembangunan Perumahan, Di Atas Lot PT.1495/1, PT.1495/2, PT.1495/3 Dan PT1495/4, Mukim Cheras, Daerah Hulu Langat, Selangor Darul Ehsan. | M6: =IF(D6=$M$3,1,"") | N6: =IF(D6=$N$3,1,"") | O6: =IF(D6=$O$3,1,"") | P6: =IF(D6=$P$3,1,"") | Q6: =IF(D6=$Q$3,1,"") | R6: =IF(D6=$R$3,1,"") | S6: =IF(D6=$S$3,1,"") | T6: =IF(D6=$T$3,1,"") -> 1 | U6: =IF(D6=$U$3,1,"") | V6: =IF(D6=$V$3,1,"") | W6: =IF(D6=$W$3,1,"") | X6: =IF(D6=$X$3,1,"") | Y6: =IF(#REF!=$X$3,1,"") -> #REF! | Z6: =IF(F6=$Z$3,1,"") | AA6: =IF(F6=$AA$3,1,"") | AB6: =IF(F6=$AB$3,1,"") | AC6: =IF(F6=$AC$3,1,"") | AD6: =IF(F6=$AE$3,1,"")
A7: =IF(B7="","",A6+1) -> 4 | B7: Trans Loyal Development Sdn. Bhd. | C7: =IF(B7="","","vs") -> vs | D7: MPKj | E7: 2010 | F7: BERSETUJU | H7: Permohonan Pindaan Kebenaran Merancang Terhadap Sebahagian Pelan Susunatur Yang Telah Diluluskan (Bil. Surat : (12) Dlm. MPKJ PB/KM1/68-2002) Bagi Cadangan Pembangunan Perumahan Dan Perniagaan, Di Atas Pt 69787 (Sebahagian Lot Asal Lot 41146) Mukim Kajang, Daerah Hulu Langat, Selangor Darul Ehsan. | M7: =IF(D7=$M$3,1,"") | N7: =IF(D7=$N$3,1,"") | O7: =IF(D7=$O$3,1,"") | P7: =IF(D7=$P$3,1,"") | Q7: =IF(D7=$Q$3,1,"") | R7: =IF(D7=$R$3,1,"") | S7: =IF(D7=$S$3,1,"") | T7: =IF(D7=$T$3,1,"") -> 1 | U7: =IF(D7=$U$3,1,"") | V7: =IF(D7=$V$3,1,"") | W7: =IF(D7=$W$3,1,"") | X7: =IF(D7=$X$3,1,"") | Y7: =IF(#REF!=$X$3,1,"") -> #REF! | Z7: =IF(F7=$Z$3,1,"") | AA7: =IF(F7=$AA$3,1,"") | AB7: =IF(F7=$AB$3,1,"") | AC7: =IF(F7=$AC$3,1,"") | AD7: =IF(F7=$AE$3,1,"")
A8: =IF(B8="","",A7+1) -> 5 | B8: Sunway Termuning Sdn. Bhd. | C8: =IF(B8="","","vs") -> vs | D8: MPKj | E8: 2010 | F8: DITANGGUHKAN | H8: Permohonan Kebenaran Merancang Untuk Pelan Susunatur Di Atas Lot 1316, 1352, 1355, 1401-1406, 1408-1410, 1412-1413, 1683-1684 Dan Sebahagian Lot 46953 (Lot 1351), Mukim Cheras, Daerah Hulu Langat, Selangor Darul Ehsan. | M8: =IF(D8=$M$3,1,"") | N8: =IF(D8=$N$3,1,"") | O8: =IF(D8=$O$3,1,"") | P8: =IF(D8=$P$3,1,"") | Q8: =IF(D8=$Q$3,1,"") | R8: =IF(D8=$R$3,1,"") | S8: =IF(D8=$S$3,1,"") | T8: =IF(D8=$T$3,1,"") -> 1 | U8: =IF(D8=$U$3,1,"") | V8: =IF(D8=$V$3,1,"") | W8: =IF(D8=$W$3,1,"") | X8: =IF(D8=$X$3,1,"") | Y8: =IF(#REF!=$X$3,1,"") -> #REF! | Z8: =IF(F8=$Z$3,1,"") | AA8: =IF(F8=$AA$3,1,"") | AB8: =IF(F8=$AB$3,1,"") | AC8: =IF(F8=$AC$3,1,"") | AD8: =IF(F8=$AE$3,1,"")
A9: =IF(B9="","",A8+1) -> 6 | B9: Prisma Cabaran Sdn. Bhd. | C9: =IF(B9="","","vs") -> vs | D9: MPSpg | E9: 2010 | F9: BERSETUJU | G9: bil 1/2011 | H9: Permohonan Kebenaran Merancang Bagi Cadangan Serah Balik Dan Pemberimilikan Semula Tanah, Di Bawah Seksyen 204d, Kanun Tanah Negara, Untuk Pembangunan Sekolah Agama Kiblah, Di Atas Lot 30774 (No. Hakmilik Pn) 43378), Mukim Dengkil, Daerah Sepang, Selangor Darul Ehsan Untuk Tetuan Prisma Cabaran Sdn. Bhd. | M9: =IF(D9=$M$3,1,"") | N9: =IF(D9=$N$3,1,"") | O9: =IF(D9=$O$3,1,"") | P9: =IF(D9=$P$3,1,"") | Q9: =IF(D9=$Q$3,1,"") | R9: =IF(D9=$R$3,1,"") | S9: =IF(D9=$S$3,1,"") | T9: =IF(D9=$T$3,1,"") | U9: =IF(D9=$U$3,1,"") | V9: =IF(D9=$V$3,1,"") | W9: =IF(D9=$W$3,1,"") -> 1 | X9: =IF(D9=$X$3,1,"") | Y9: =IF(#REF!=$X$3,1,"") -> #REF! | Z9: =IF(F9=$Z$3,1,"") | AA9: =IF(F9=$AA$3,1,"") | AB9: =IF(F9=$AB$3,1,"") | AC9: =IF(F9=$AC$3,1,"") | AD9: =IF(F9=$AE$3,1,"")
A10: =IF(B10="","",A9+1) -> 7 | B10: PKNS dan Spanland Sdn. Bhd. | C10: =IF(B10="","","vs") -> vs | D10: MPS | E10: 2010 | F10: BERSETUJU | H10: Permohonan Kebenaran Merancang Bagi Pindaan Pelan Susunatur (Bil. : PKNS/SPANLAND(PR)/G/0411PL1-A) bertarikh 31hb. Januari 2008) di atas lot PT 24263 HS(D) 49212 Lot PT 27264 HS (D) 49213, Lot PT 27265 HS(D) 52089 Dan Tanah Kerajaan Milik PKNS, Mukim Rawang, Daerah Gombak, Selangor | M10: =IF(D10=$M$3,1,"") | N10: =IF(D10=$N$3,1,"") | O10: =IF(D10=$O$3,1,"") | P10: =IF(D10=$P$3,1,"") | Q10: =IF(D10=$Q$3,1,"") | R10: =IF(D10=$R$3,1,"") | S10: =IF(D10=$S$3,1,"") | T10: =IF(D10=$T$3,1,"") | U10: =IF(D10=$U$3,1,"") -> 1 | V10: =IF(D10=$V$3,1,"") | W10: =IF(D10=$W$3,1,"") | X10: =IF(D10=$X$3,1,"") | Y10: =IF(#REF!=$X$3,1,"") -> #REF! | Z10: =IF(F10=$Z$3,1,"") | AA10: =IF(F10=$AA$3,1,"") | AB10: =IF(F10=$AB$3,1,"") | AC10: =IF(F10=$AC$3,1,"") | AD10: =IF(F10=$AE$3,1,"")
A11: =IF(B11="","",A10+1) -> 8 | B11: Dacing Kota Sdn. Bhd. | C11: =IF(B11="","","vs") -> vs | D11: MBSA | E11: 2010 | F11: BERSETUJU | G11: 41145 | H11: Permohonan Kebenaran Merancang Pelan Susunatur Bagi Pembangunan Perumahan Di Atas Tanah Seluas 16.80 Ekar, Mukim Bukit Raja, Daerah Petaling, Seksyen U10, Shah Alam | M11: =IF(D11=$M$3,1,"") | N11: =IF(D11=$N$3,1,"") | O11: =IF(D11=$O$3,1,"") | P11: =IF(D11=$P$3,1,"") | Q11: =IF(D11=$Q$3,1,"") | R11: =IF(D11=$R$3,1,"") -> 1 | S11: =IF(D11=$S$3,1,"") | T11: =IF(D11=$T$3,1,"") | U11: =IF(D11=$U$3,1,"") | V11: =IF(D11=$V$3,1,"") | W11: =IF(D11=$W$3,1,"") | X11: =IF(D11=$X$3,1,"") | Y11: =IF(#REF!=$X$3,1,"") -> #REF! | Z11: =IF(F11=$Z$3,1,"") | AA11: =IF(F11=$AA$3,1,"") | AB11: =IF(F11=$AB$3,1,"") | AC11: =IF(F11=$AC$3,1,"") | AD11: =IF(F11=$AE$3,1,"")
A12: =IF(B12="","",A11+1) -> 9 | B12: Kenangan Motivasi Sdn. Bhd. | C12: =IF(B12="","","vs") -> vs | D12: MBSA | E12: 2010 | F12: BERSETUJU | G12: bil 5/2010 7/9/2010 | H12: Permohonan Kebenaran Merancang Pelan Susunatur Bagi Pembangunan Perumahan Di Atas Lot Kompartment 32, Tanah Hutan Simpan Bukit Cherakah Seluas 100 Ekar, Mukim Bukit Raja, Daerah Petaling, Seksyen U10, Shah Alam Selangor | M12: =IF(D12=$M$3,1,"") | N12: =IF(D12=$N$3,1,"") | O12: =IF(D12=$O$3,1,"") | P12: =IF(D12=$P$3,1,"") | Q12: =IF(D12=$Q$3,1,"") | R12: =IF(D12=$R$3,1,"") -> 1 | S12: =IF(D12=$S$3,1,"") | T12: =IF(D12=$T$3,1,"") | U12: =IF(D12=$U$3,1,"") | V12: =IF(D12=$V$3,1,"") | W12: =IF(D12=$W$3,1,"") | X12: =IF(D12=$X$3,1,"") | Y12: =IF(#REF!=$X$3,1,"") -> #REF! | Z12: =IF(F12=$Z$3,1,"") | AA12: =IF(F12=$AA$3,1,"") | AB12: =IF(F12=$AB$3,1,"") | AC12: =IF(F12=$AC$3,1,"") | AD12: =IF(F12=$AE$3,1,"")
A13: =IF(B13="","",A12+1) -> 10 | B13: BASCO Sdn. Bhd. | C13: =IF(B13="","","vs") -> vs | D13: MBSA | E13: 2010 | F13: BERSETUJU | H13: Permohonan Kebenaran Merancang Pelan Susunatur Bagi Cadangan Pembangunan Perumahan Dan Perdagangan, Di Atas Tanah Pemberimilikan Seluas 200 Ekar, Seksyen U10, Shah Alam, Mukim Bukit Raja, Daerah Petaling, Selangor Darul Ehsan | M13: =IF(D13=$M$3,1,"") | N13: =IF(D13=$N$3,1,"") | O13: =IF(D13=$O$3,1,"") | P13: =IF(D13=$P$3,1,"") | Q13: =IF(D13=$Q$3,1,"") | R13: =IF(D13=$R$3,1,"") -> 1 | S13: =IF(D13=$S$3,1,"") | T13: =IF(D13=$T$3,1,"") | U13: =IF(D13=$U$3,1,"") | V13: =IF(D13=$V$3,1,"") | W13: =IF(D13=$W$3,1,"") | X13: =IF(D13=$X$3,1,"") | Y13: =IF(#REF!=$X$3,1,"") -> #REF! | Z13: =IF(F13=$Z$3,1,"") | AA13: =IF(F13=$AA$3,1,"") | AB13: =IF(F13=$AB$3,1,"") | AC13: =IF(F13=$AC$3,1,"") | AD13: =IF(F13=$AE$3,1,"")
A14: =IF(B14="","",A13+1) -> 11 | B14: TPPT Sdn. Bhd. | C14: =IF(B14="","","vs") -> vs | D14: MPS | E14: 2010 | F14: BERSETUJU | H14: Permohonan Kebenaran Merancang Bagi Cadangan Pelan Induk Di Bukit Serai, Mukim Rawang, Daerah Gombak, Selangor Darul Ehsan | M14: =IF(D14=$M$3,1,"") | N14: =IF(D14=$N$3,1,"") | O14: =IF(D14=$O$3,1,"") | P14: =IF(D14=$P$3,1,"") | Q14: =IF(D14=$Q$3,1,"") | R14: =IF(D14=$R$3,1,"") | S14: =IF(D14=$S$3,1,"") | T14: =IF(D14=$T$3,1,"") | U14: =IF(D14=$U$3,1,"") -> 1 | V14: =IF(D14=$V$3,1,"") | W14: =IF(D14=$W$3,1,"") | X14: =IF(D14=$X$3,1,"") | Y14: =IF(#REF!=$X$3,1,"") -> #REF! | Z14: =IF(F14=$Z$3,1,"") | AA14: =IF(F14=$AA$3,1,"") | AB14: =IF(F14=$AB$3,1,"") | AC14: =IF(F14=$AC$3,1,"") | AD14: =IF(F14=$AE$3,1,"")
A15: =IF(B15="","",A14+1) -> 12 | B15: Granstep Development Sdn. Bhd. | C15: =IF(B15="","","vs") -> vs | D15: MPAJ | E15: 2010 | F15: DITANGGUHKAN | H15: Permohonan Kebenaran Merancang Bagi Cadangan Pembangunan Perumahan Di Atas Lot 1287 (PT 30517, HS(D) 34803) Seluas 11.84 hektar (29.28 ekar), Bandar Ampang, Daerah Hulu Langat, Selangor Darul Ehsan Untuk Tetuan Granstep Development Sdn. Bhd. | M15: =IF(D15=$M$3,1,"") | N15: =IF(D15=$N$3,1,"") -> 1 | O15: =IF(D15=$O$3,1,"") | P15: =IF(D15=$P$3,1,"") | Q15: =IF(D15=$Q$3,1,"") | R15: =IF(D15=$R$3,1,"") | S15: =IF(D15=$S$3,1,"") | T15: =IF(D15=$T$3,1,"") | U15: =IF(D15=$U$3,1,"") | V15: =IF(D15=$V$3,1,"") | W15: =IF(D15=$W$3,1,"") | X15: =IF(D15=$X$3,1,"") | Y15: =IF(#REF!=$X$3,1,"") -> #REF! | Z15: =IF(F15=$Z$3,1,"") | AA15: =IF(F15=$AA$3,1,"") | AB15: =IF(F15=$AB$3,1,"") | AC15: =IF(F15=$AC$3,1,"") | AD15: =IF(F15=$AE$3,1,"")
A16: =IF(B16="","",A15+1) -> 13 | B16: Dijaya Property Sdn. Bhd. | C16: =IF(B16="","","vs") -> vs | D16: MPKj | E16: 2010 | F16: BERSETUJU | H16: Permohonan Pecah Sempadan Dan Tukar Syarat Tanah Secara Serentak Di Bawah Seksyen 124a Kanun Tanah Negara 1965 Dan Pembangunan 90 Unit Rumah Teres Strata Di Bawah Seksyen 6(1a) Akta 318 (Akta Hakmilik Strata 1985) Di Atas Lot 5717 Dan 1953, Mukim Kajang, Daerah Hulu Langat, Selangor Darul Ehsan. | M16: =IF(D16=$M$3,1,"") | N16: =IF(D16=$N$3,1,"") | O16: =IF(D16=$O$3,1,"") | P16: =IF(D16=$P$3,1,"") | Q16: =IF(D16=$Q$3,1,"") | R16: =IF(D16=$R$3,1,"") | S16: =IF(D16=$S$3,1,"") | T16: =IF(D16=$T$3,1,"") -> 1 | U16: =IF(D16=$U$3,1,"") | V16: =IF(D16=$V$3,1,"") | W16: =IF(D16=$W$3,1,"") | X16: =IF(D16=$X$3,1,"") | Y16: =IF(#REF!=$X$3,1,"") -> #REF! | Z16: =IF(F16=$Z$3,1,"") | AA16: =IF(F16=$AA$3,1,"") | AB16: =IF(F16=$AB$3,1,"") | AC16: =IF(F16=$AC$3,1,"") | AD16: =IF(F16=$AE$3,1,"")
A17: =IF(B17="","",A16+1) -> 14 | B17: Wangmatic Sdn. Bhd. | C17: =IF(B17="","","vs") -> vs | D17: MPKj | E17: 2010 | F17: BERSETUJU | H17: Permohonan Kebenaran Merancang Bagi Tujuan Tukar Syarat Daripada Tiada Kepada Bangunan Perumahan Di Bawah Seksyen 124a, Kanun Tanah Negara Di Atas Lot 2717, Mukim Kajang, Daerah Hulu Langat, Selangor Darul Ehsan | M17: =IF(D17=$M$3,1,"") | N17: =IF(D17=$N$3,1,"") | O17: =IF(D17=$O$3,1,"") | P17: =IF(D17=$P$3,1,"") | Q17: =IF(D17=$Q$3,1,"") | R17: =IF(D17=$R$3,1,"") | S17: =IF(D17=$S$3,1,"") | T17: =IF(D17=$T$3,1,"") -> 1 | U17: =IF(D17=$U$3,1,"") | V17: =IF(D17=$V$3,1,"") | W17: =IF(D17=$W$3,1,"") | X17: =IF(D17=$X$3,1,"") | Y17: =IF(#REF!=$X$3,1,"") -> #REF! | Z17: =IF(F17=$Z$3,1,"") | AA17: =IF(F17=$AA$3,1,"") | AB17: =IF(F17=$AB$3,1,"") | AC17: =IF(F17=$AC$3,1,"") | AD17: =IF(F17=$AE$3,1,"")
A18: =IF(B18="","",A17+1) -> 15 | B18: Prisma Cabaran Sdn. Bhd. | C18: =IF(B18="","","vs") -> vs | D18: MPSpg | E18: 2010 | F18: DITANGGUHKAN | H18: Permohonan Kebenaran Merancang Bagi Cadangan Serah Balik Dan Pemberimilikan Semula Tanah Di Bawah Seksyen 204d, Kanun Tanah Negara (Ktn) Untuk Pembangunan Sekolah Agama Kiblah Dan Mahad Tahfiz, Di Atas Lot 30774 No. Hakmilik Pn 49378 (Pt17124), Mukim Dengkil, Daerah Sepang, Selangor Darul Ehsan. | M18: =IF(D18=$M$3,1,"") | N18: =IF(D18=$N$3,1,"") | O18: =IF(D18=$O$3,1,"") | P18: =IF(D18=$P$3,1,"") | Q18: =IF(D18=$Q$3,1,"") | R18: =IF(D18=$R$3,1,"") | S18: =IF(D18=$S$3,1,"") | T18: =IF(D18=$T$3,1,"") | U18: =IF(D18=$U$3,1,"") | V18: =IF(D18=$V$3,1,"") | W18: =IF(D18=$W$3,1,"") -> 1 | X18: =IF(D18=$X$3,1,"") | Y18: =IF(#REF!=$X$3,1,"") -> #REF! | Z18: =IF(F18=$Z$3,1,"") | AA18: =IF(F18=$AA$3,1,"") | AB18: =IF(F18=$AB$3,1,"") | AC18: =IF(F18=$AC$3,1,"") | AD18: =IF(F18=$AE$3,1,"")
A19: =IF(B19="","",A18+1) -> 16 | B19: B.U. Developments Sdn. Bhd. | C19: =IF(B19="","","vs") -> vs | D19: MPAJ | E19: 2010 | F19: BERSETUJU | G19: bil 6/2010 | H19: Permohonan Kebenaran Merancang Bagi Cadangan Pembangunan Perniagaan yang Mengandungi Blok A, Blok B dan Blok C Serta meminda Syarat Nyata Tanah Daripada Bangunan Kediaman Kepada Perniagaan Secara Serentak Di Bawah Seksyen 124A Kanun Tanah Negara (KTN) Di Atas Lot 322 (GM53), Mukim Ulu Kelang, Daerah Gombak, Selangor Darul Ehsan. | M19: =IF(D19=$M$3,1,"") | N19: =IF(D19=$N$3,1,"") -> 1 | O19: =IF(D19=$O$3,1,"") | P19: =IF(D19=$P$3,1,"") | Q19: =IF(D19=$Q$3,1,"") | R19: =IF(D19=$R$3,1,"") | S19: =IF(D19=$S$3,1,"") | T19: =IF(D19=$T$3,1,"") | U19: =IF(D19=$U$3,1,"") | V19: =IF(D19=$V$3,1,"") | W19: =IF(D19=$W$3,1,"") | X19: =IF(D19=$X$3,1,"") | Y19: =IF(#REF!=$X$3,1,"") -> #REF! | Z19: =IF(F19=$Z$3,1,"") | AA19: =IF(F19=$AA$3,1,"") | AB19: =IF(F19=$AB$3,1,"") | AC19: =IF(F19=$AC$3,1,"") | AD19: =IF(F19=$AE$3,1,"")
A20: =IF(B20="","",A19+1) -> 17 | B20: Majlis Agama Islam Selangor (MAIS). | C20: =IF(B20="","","vs") -> vs | D20: MDHS | E20: 2010 | F20: BERSETUJU | H20: Permohonan Kebenaran Merancang Bagi Cadangan Pembangunan Pusat Latihan Saudara Baru ( Baitul Hikmah) Di Atas Sebahagian Hakmilik HSD 40183 PT 8789, Mukim Hulu Yam, Daerah Hulu Selangor, Selangor Darul Ehsan. | M20: =IF(D20=$M$3,1,"") | N20: =IF(D20=$N$3,1,"") | O20: =IF(D20=$O$3,1,"") | P20: =IF(D20=$P$3,1,"") | Q20: =IF(D20=$Q$3,1,"") | R20: =IF(D20=$R$3,1,"") | S20: =IF(D20=$S$3,1,"") | T20: =IF(D20=$T$3,1,"") | U20: =IF(D20=$U$3,1,"") | V20: =IF(D20=$V$3,1,"") | W20: =IF(D20=$W$3,1,"") | X20: =IF(D20=$X$3,1,"") | Y20: =IF(#REF!=$X$3,1,"") -> #REF! | Z20: =IF(F20=$Z$3,1,"") | AA20: =IF(F20=$AA$3,1,"") | AB20: =IF(F20=$AB$3,1,"") | AC20: =IF(F20=$AC$3,1,"") | AD20: =IF(F20=$AE$3,1,"")
A21: =IF(B21="","",A20+1) -> 18 | B21: Tanming Indah Sdn. Bhd. | C21: =IF(B21="","","vs") -> vs | D21: MPKj | E21: 2010 | F21: BERSETUJU | G21: bil 6/2010 | H21: Permohonan Kebenaran Merancang Bagi Pindaan Terhapadap Pelan Yang Telah Diluluskan (Pelan Bil.MPKj/PB/KM/113-2004) Di Atas Lot 12681, Mukim Kajang, Daerah Hulu Langat, Selangor Darul Ehsan. | M21: =IF(D21=$M$3,1,"") | N21: =IF(D21=$N$3,1,"") | O21: =IF(D21=$O$3,1,"") | P21: =IF(D21=$P$3,1,"") | Q21: =IF(D21=$Q$3,1,"") | R21: =IF(D21=$R$3,1,"") | S21: =IF(D21=$S$3,1,"") | T21: =IF(D21=$T$3,1,"") -> 1 | U21: =IF(D21=$U$3,1,"") | V21: =IF(D21=$V$3,1,"") | W21: =IF(D21=$W$3,1,"") | X21: =IF(D21=$X$3,1,"") | Y21: =IF(#REF!=$X$3,1,"") -> #REF! | Z21: =IF(F21=$Z$3,1,"") | AA21: =IF(F21=$AA$3,1,"") | AB21: =IF(F21=$AB$3,1,"") | AC21: =IF(F21=$AC$3,1,"") | AD21: =IF(F21=$AE$3,1,"")
A22: =IF(B22="","",A21+1) -> 19 | B22: SMS Development Sdn. Bhd. | C22: =IF(B22="","","vs") -> vs | D22: MPKj | E22: 2010 | F22: BERSETUJU | H22: Permohonan Kebenaran Merancang Bagi Cadangan Pelan Susunatur Industri Berkembar 56 Unit Di Atas Lot 19003 Sekxsyen 19, Bandar Rawang, Daerah Gombak, Selangor Darul Ehsan | M22: =IF(D22=$M$3,1,"") | N22: =IF(D22=$N$3,1,"") | O22: =IF(D22=$O$3,1,"") | P22: =IF(D22=$P$3,1,"") | Q22: =IF(D22=$Q$3,1,"") | R22: =IF(D22=$R$3,1,"") | S22: =IF(D22=$S$3,1,"") | T22: =IF(D22=$T$3,1,"") -> 1 | U22: =IF(D22=$U$3,1,"") | V22: =IF(D22=$V$3,1,"") | W22: =IF(D22=$W$3,1,"") | X22: =IF(D22=$X$3,1,"") | Y22: =IF(#REF!=$X$3,1,"") -> #REF! | Z22: =IF(F22=$Z$3,1,"") | AA22: =IF(F22=$AA$3,1,"") | AB22: =IF(F22=$AB$3,1,"") | AC22: =IF(F22=$AC$3,1,"") | AD22: =IF(F22=$AE$3,1,"")
B23: Tetuan Cheras Hong Soon Development Sdn. Bhd. | D23: MPKj | E23: 2010 | F23: BERSETUJU | M23: =IF(D23=$M$3,1,"") | N23: =IF(D23=$N$3,1,"") | O23: =IF(D23=$O$3,1,"") | P23: =IF(D23=$P$3,1,"") | Q23: =IF(D23=$Q$3,1,"") | R23: =IF(D23=$R$3,1,"") | S23: =IF(D23=$S$3,1,"") | T23: =IF(D23=$T$3,1,"") -> 1 | U23: =IF(D23=$U$3,1,"") | V23: =IF(D23=$V$3,1,"") | W23: =IF(D23=$W$3,1,"") | X23: =IF(D23=$X$3,1,"") | Y23: =IF(#REF!=$X$3,1,"") -> #REF! | AA23: =IF(F23=$AA$3,1,"") | AB23: =IF(F23=$AB$3,1,"") | AC23: =IF(F23=$AC$3,1,"") | AD23: =IF(F23=$AE$3,1,"")
A24: =IF(B24="","",A22+1) -> 20 | B24: Mammoth Empire Land Sdn. Bhd. | C24: =IF(B24="","","vs") -> vs | D24: MBPJ | E24: 2010 | F24: BERSETUJU | G24: bil 2/2011 | H24: Permohonan Kebenaran Merancang Bagi Cadangan Pecah Sempadan Mengikut Seksyen 135 (Kanun Tanah Negara 1965) Dan Pembangunan 795 Unit Rumah Teres 3 Tingkat Serta 1 Tingkat Tempat Letak kereta (Permilikan Berstrata Mengikut Seksyen 6, Akta Hakmilik Strata 1985) Di Atas Lot 44012 HSD 222396, Mukim Sungai Buloh, Daerah Petaling, Selangor Darul Ehsan. | M24: =IF(D24=$M$3,1,"") | N24: =IF(D24=$N$3,1,"") | O24: =IF(D24=$O$3,1,"") | P24: =IF(D24=$P$3,1,"") -> 1 | Q24: =IF(D24=$Q$3,1,"") | R24: =IF(D24=$R$3,1,"") | S24: =IF(D24=$S$3,1,"") | T24: =IF(D24=$T$3,1,"") | U24: =IF(D24=$U$3,1,"") | V24: =IF(D24=$V$3,1,"") | W24: =IF(D24=$W$3,1,"") | X24: =IF(D24=$X$3,1,"") | Y24: =IF(#REF!=$X$3,1,"") -> #REF! | Z24: =IF(F24=$Z$3,1,"") | AA24: =IF(F24=$AA$3,1,"") | AB24: =IF(F24=$AB$3,1,"") | AC24: =IF(F24=$AC$3,1,"") | AD24: =IF(F24=$AE$3,1,"")
A25: =IF(B25="","",A24+1) -> 21 | B25: Permodalan Negeri Selangor Berhad (PNSB) | C25: =IF(B25="","","vs") -> vs | D25: MBPJ | E25: 2010 | F25: BERSETUJU | G25: bil 1/2011 | H25: Cadangan Projek Perumahan Dimajukan Secara Usahasama Di Antara Setiausaha Kerajaan Negeri Selangor (Perbadanan) Dengan Syarikat Tetuan Agro Fresh (M) Sdn. Bhd. Pembangunan Perumahan Di Atas Lot 23739 (Dahulu Lot 1999), 23740 (Dahulu Lot 3505) Dan 23741 (Lot 3587) Mukim Sungai Buloh Daerah Petaling Selangor Darul Ehsan. | M25: =IF(D25=$M$3,1,"") | N25: =IF(D25=$N$3,1,"") | O25: =IF(D25=$O$3,1,"") | P25: =IF(D25=$P$3,1,"") -> 1 | Q25: =IF(D25=$Q$3,1,"") | R25: =IF(D25=$R$3,1,"") | S25: =IF(D25=$S$3,1,"") | T25: =IF(D25=$T$3,1,"") | U25: =IF(D25=$U$3,1,"") | V25: =IF(D25=$V$3,1,"") | W25: =IF(D25=$W$3,1,"") | X25: =IF(D25=$X$3,1,"") | Y25: =IF(#REF!=$X$3,1,"") -> #REF! | Z25: =IF(F25=$Z$3,1,"") | AA25: =IF(F25=$AA$3,1,"") | AB25: =IF(F25=$AB$3,1,"") | AC25: =IF(F25=$AC$3,1,"") | AD25: =IF(F25=$AE$3,1,"")
A26: =IF(B26="","",A25+1) -> 22 | B26: Restu Mantap Sdn. Bhd. | C26: =IF(#REF!="","","vs") -> #REF! | D26: MBSA | E26: 2010 | F26: BERSETUJU | H26: Permohonan Kebenaran Merancang Bagi Cadangan Pelan Susunatur Perumahan Di Atas Kompartmen 35, Hutan Simpan Bukit Cherakah, Mukim Bukit Raja, Daerah Petaling, Seksyen U10, Shah Alam, Selangor Darul Ehsan. | M26: =IF(D26=$M$3,1,"") | N26: =IF(D26=$N$3,1,"") | O26: =IF(D26=$O$3,1,"") | P26: =IF(D26=$P$3,1,"") | Q26: =IF(D26=$Q$3,1,"") | R26: =IF(D26=$R$3,1,"") -> 1 | S26: =IF(D26=$S$3,1,"") | T26: =IF(D26=$T$3,1,"") | U26: =IF(D26=$U$3,1,"") | V26: =IF(D26=$V$3,1,"") | W26: =IF(D26=$W$3,1,"") | X26: =IF(D26=$X$3,1,"") | Y26: =IF(#REF!=$X$3,1,"") -> #REF! | Z26: =IF(F26=$Z$3,1,"") | AA26: =IF(F26=$AA$3,1,"") | AB26: =IF(F26=$AB$3,1,"") | AC26: =IF(F26=$AC$3,1,"") | AD26: =IF(F26=$AE$3,1,"")
A27: =IF(B27="","",A26+1) -> 23 | B27: Madonna Heights Development Sdn. Bhd. | C27: =IF(B26="","","vs") -> vs | D27: MPAJ | E27: 2010 | F27: DITANGGUHKAN | H27: Permohonan Kebenaran Merancang Secara Serentak Dengan Menambah Syarat Nyata Tanah (Seksyen 124 (1) (C), Ktn Daripada Tapak Institusi Kepada Tapak Institusi Dan Bangunan Kediaman Bagi Cadangan Skim Perumahan Berpagar (‘Gated Community’) Mengandungi 15 Unit Rumah Sesebuah (Zero Lot) 3 Tingkat Dan 160 Unit Kondominium Termasuk 5 Tingkat Aras Bawah Di Atas Sebahagian Lot 389, Mukim Ulu Kelang, Daerah Gombak Selangor Darul Ehsan. | M27: =IF(D27=$M$3,1,"") | N27: =IF(D27=$N$3,1,"") -> 1 | O27: =IF(D27=$O$3,1,"") | P27: =IF(D27=$P$3,1,"") | Q27: =IF(D27=$Q$3,1,"") | R27: =IF(D27=$R$3,1,"") | S27: =IF(D27=$S$3,1,"") | T27: =IF(D27=$T$3,1,"") | U27: =IF(D27=$U$3,1,"") | V27: =IF(D27=$V$3,1,"") | W27: =IF(D27=$W$3,1,"") | X27: =IF(D27=$X$3,1,"") | Y27: =IF(#REF!=$X$3,1,"") -> #REF! | Z27: =IF(F27=$Z$3,1,"") | AA27: =IF(F27=$AA$3,1,"") | AB27: =IF(F27=$AB$3,1,"") | AC27: =IF(F27=$AC$3,1,"") | AD27: =IF(F27=$AE$3,1,"")
A28: =IF(B28="","",A27+1) -> 24 | B28: Spectacular Sdn. Bhd. | C28: =IF(B27="","","vs") -> vs | D28: MPAJ | E28: 2010 | F28: BERSETUJU | H28: Permohonan Kebenaran Merancang Bagi Pembangunan Skim ‘Gated Community’ Di Bawah Seksyen 6(1a) Akta 318 (Akta Hakmilik Strata 1985) Yang Mengandungi Pembangunan 29 Unit Villa 3 ½ Tingkat Dan 12 Unit Rumah Kos Sederhana 4 Tingkat Di Atas Lot 5, Seksyen 2, Jalan 2, Taman Sri Ukay, Mukim Hulu Kelang, Daerah Gombak, Selangor Darul Ehsan. | M28: =IF(D28=$M$3,1,"") | N28: =IF(D28=$N$3,1,"") -> 1 | O28: =IF(D28=$O$3,1,"") | P28: =IF(D28=$P$3,1,"") | Q28: =IF(D28=$Q$3,1,"") | R28: =IF(D28=$R$3,1,"") | S28: =IF(D28=$S$3,1,"") | T28: =IF(D28=$T$3,1,"") | U28: =IF(D28=$U$3,1,"") | V28: =IF(D28=$V$3,1,"") | W28: =IF(D28=$W$3,1,"") | X28: =IF(D28=$X$3,1,"") | Y28: =IF(#REF!=$X$3,1,"") -> #REF! | Z28: =IF(F28=$Z$3,1,"") | AA28: =IF(F28=$AA$3,1,"") | AB28: =IF(F28=$AB$3,1,"") | AC28: =IF(F28=$AC$3,1,"") | AD28: =IF(F28=$AE$3,1,"")
A29: =IF(B29="","",A28+1) -> 25 | B29: Jabatan Penjara Malaysia | C29: =IF(B29="","","vs") -> vs | D29: MPSpg | E29: 2011 | F29: BERSETUJU | G29: bil 3/2011 | H29: Cadangan Pembinaan Pusat Latihan Juvana Penjara Malaysia Di Atas Lot 2238 Mukim Dengkil, Daerah Sepang, Selangor Darul Ehsan. | M29: =IF(D29=$M$3,1,"") | N29: =IF(D29=$N$3,1,"") | O29: =IF(D29=$O$3,1,"") | P29: =IF(D29=$P$3,1,"") | Q29: =IF(D29=$Q$3,1,"") | R29: =IF(D29=$R$3,1,"") | S29: =IF(D29=$S$3,1,"") | T29: =IF(D29=$T$3,1,"") | U29: =IF(D29=$U$3,1,"") | V29: =IF(D29=$V$3,1,"") | W29: =IF(D29=$W$3,1,"") -> 1 | X29: =IF(D29=$X$3,1,"") | Y29: =IF(#REF!=$X$3,1,"") -> #REF! | Z29: =IF(F29=$Z$3,1,"") | AA29: =IF(F29=$AA$3,1,"") | AB29: =IF(F29=$AB$3,1,"") | AC29: =IF(F29=$AC$3,1,"") | AD29: =IF(F29=$AE$3,1,"")
A30: =IF(B30="","",A29+1) -> 26 | B30: Angel Wing(M) Sdn. Bhd. | C30: =IF(B30="","","vs") -> vs | D30: MPAJ | E30: 2011 | F30: DITOLAK | G30: bil 7/2011 | H30: Permohonan Kebenaran Merancang Bagi Cadangan Pindaan Pelan Pembangunan Bercampur Di Atas Lot 96, 149, 452, 453 Dan 454 Mukim Hulu Kelang, Daerah Gombak, Selangor Darul Ehsan. | M30: =IF(D30=$M$3,1,"") | N30: =IF(D30=$N$3,1,"") -> 1 | O30: =IF(D30=$O$3,1,"") | P30: =IF(D30=$P$3,1,"") | Q30: =IF(D30=$Q$3,1,"") | R30: =IF(D30=$R$3,1,"") | S30: =IF(D30=$S$3,1,"") | T30: =IF(D30=$T$3,1,"") | U30: =IF(D30=$U$3,1,"") | V30: =IF(D30=$V$3,1,"") | W30: =IF(D30=$W$3,1,"") | X30: =IF(D30=$X$3,1,"") | Y30: =IF(#REF!=$X$3,1,"") -> #REF! | Z30: =IF(F30=$Z$3,1,"") | AA30: =IF(F30=$AA$3,1,"") | AB30: =IF(F30=$AB$3,1,"") | AC30: =IF(F30=$AC$3,1,"") | AD30: =IF(F30=$AE$3,1,"")
A31: =IF(B31="","",A30+1) -> 27 | B31: Apex Capacity Sdn. Bhd. | C31: =IF(B31="","","vs") -> vs | D31: MBSA | E31: 2011 | F31: BERSETUJU | H31: Permohonan Pembangunan Bercampur Secara Berimilikan Tanah Kerajaan Seluas 29.11 Ekar, Mukim Bukit Raja, Daerah Petaling, Selangor Darul Ehsan. | M31: =IF(D31=$M$3,1,"") | N31: =IF(D31=$N$3,1,"") | O31: =IF(D31=$O$3,1,"") | P31: =IF(D31=$P$3,1,"") | Q31: =IF(D31=$Q$3,1,"") | R31: =IF(D31=$R$3,1,"") -> 1 | S31: =IF(D31=$S$3,1,"") | T31: =IF(D31=$T$3,1,"") | U31: =IF(D31=$U$3,1,"") | V31: =IF(D31=$V$3,1,"") | W31: =IF(D31=$W$3,1,"") | X31: =IF(D31=$X$3,1,"") | Y31: =IF(#REF!=$X$3,1,"") -> #REF! | Z31: =IF(F31=$Z$3,1,"") | AA31: =IF(F31=$AA$3,1,"") | AB31: =IF(F31=$AB$3,1,"") | AC31: =IF(F31=$AC$3,1,"") | AD31: =IF(F31=$AE$3,1,"")
A32: =IF(B32="","",A31+1) -> 28 | B32: Tetuan Meseba Sdn. Bhd + lg 4 permohonan | C32: =IF(B32="","","vs") -> vs | D32: MPKj | E32: 2011 | F32: DITOLAK | H32: Permohonan Kebenaran Merancang Bagi Cadangan Serahbalik dan Berimilik Semula Di Bawah Seksyen 204B, Kanun Tanah Negara Untuk Cadangan Pembangunan Kediaman Sesebuah Di Atas Lot 43818 – 43829, Mukim Cheras, Daerah Hulu Langat, Selangor Darul Ehsan Untuk Tetuan Meseba Sdn. Bhd | M32: =IF(D32=$M$3,1,"") | N32: =IF(D32=$N$3,1,"") | O32: =IF(D32=$O$3,1,"") | P32: =IF(D32=$P$3,1,"") | Q32: =IF(D32=$Q$3,1,"") | R32: =IF(D32=$R$3,1,"") | S32: =IF(D32=$S$3,1,"") | T32: =IF(D32=$T$3,1,"") -> 1 | U32: =IF(D32=$U$3,1,"") | V32: =IF(D32=$V$3,1,"") | W32: =IF(D32=$W$3,1,"") | X32: =IF(D32=$X$3,1,"") | Y32: =IF(#REF!=$X$3,1,"") -> #REF! | Z32: =IF(F32=$Z$3,1,"") | AA32: =IF(F32=$AA$3,1,"") | AB32: =IF(F32=$AB$3,1,"") | AC32: =IF(F32=$AC$3,1,"") | AD32: =IF(F32=$AE$3,1,"")
B33: Tetuan Twin Ridge Sdn. Bhd. | D33: MPAJ | E33: 2011 | F33: DITOLAK | G33: perlu rujuk ksas | M33: =IF(D33=$M$3,1,"") | N33: =IF(D33=$N$3,1,"") -> 1 | O33: =IF(D33=$O$3,1,"") | P33: =IF(D33=$P$3,1,"") | Q33: =IF(D33=$Q$3,1,"") | R33: =IF(D33=$R$3,1,"") | S33: =IF(D33=$S$3,1,"") | T33: =IF(D33=$T$3,1,"") | U33: =IF(D33=$U$3,1,"") | V33: =IF(D33=$V$3,1,"") | W33: =IF(D33=$W$3,1,"") | X33: =IF(D33=$X$3,1,"") | Y33: =IF(#REF!=$X$3,1,"") -> #REF! | Z33: =IF(F33=$Z$3,1,"") | AB33: =IF(F33=$AB$3,1,"") | AC33: =IF(F33=$AC$3,1,"") | AD33: =IF(F33=$AE$3,1,"")
B34: Tetuan Taman TAR Development Sdn. Bhd. | D34: MPAJ | E34: 2011 | F34: DITOLAK | G34: perlu rujuk ksas | M34: =IF(D34=$M$3,1,"") | N34: =IF(D34=$N$3,1,"") -> 1 | O34: =IF(D34=$O$3,1,"") | P34: =IF(D34=$P$3,1,"") | Q34: =IF(D34=$Q$3,1,"") | R34: =IF(D34=$R$3,1,"") | S34: =IF(D34=$S$3,1,"") | T34: =IF(D34=$T$3,1,"") | U34: =IF(D34=$U$3,1,"") | V34: =IF(D34=$V$3,1,"") | W34: =IF(D34=$W$3,1,"") | X34: =IF(D34=$X$3,1,"") | Y34: =IF(#REF!=$X$3,1,"") -> #REF! | Z34: =IF(F34=$Z$3,1,"") | AB34: =IF(F34=$AB$3,1,"") | AC34: =IF(F34=$AC$3,1,"") | AD34: =IF(F34=$AE$3,1,"")
A35: =IF(B35="","",A32+1) -> 29 | B35: Cyberview Sdn. Bhd. (Tetuan Messrs. Myvilla Development Sdn. Bhd.) | C35: =IF(B35="","","vs") -> vs | D35: MPSpg | E35: 2011 | F35: BERSETUJU | H35: Permohonan Kebenaran Merancang Bagi Cadangan Pembangunan : I. Perumahan Berkembar 2 Tingkat (52 Unit) Ii. Perumahan Berkembar 3 Tingkat (164 Unit) Iii. Perumahan Sesebuah 3 Tingkat (5 Unit) Iv. 1 Unit Surau Dan V. 1 Unit Rumah Pengawal Di Bawah Skim ‘Guarded & Gated Community’ Mengikut Seksyen 6(1a) Akta 318 (Akta Hakmilik Strata 1985) Di Atas Pt 26774 Seluas 34.86 Ekar, Jalan B15 (Baru) Cyberjaya, Mukim Dengkil, Daerah Sepang, Selangor Darul Ehsan. | M35: =IF(D35=$M$3,1,"") | N35: =IF(D35=$N$3,1,"") | O35: =IF(D35=$O$3,1,"") | P35: =IF(D35=$P$3,1,"") | Q35: =IF(D35=$Q$3,1,"") | R35: =IF(D35=$R$3,1,"") | S35: =IF(D35=$S$3,1,"") | T35: =IF(D35=$T$3,1,"") | U35: =IF(D35=$U$3,1,"") | V35: =IF(D35=$V$3,1,"") | W35: =IF(D35=$W$3,1,"") -> 1 | X35: =IF(D35=$X$3,1,"") | Y35: =IF(#REF!=$X$3,1,"") -> #REF! | Z35: =IF(F35=$Z$3,1,"") | AA35: =IF(F35=$AA$3,1,"") | AB35: =IF(F35=$AB$3,1,"") | AC35: =IF(F35=$AC$3,1,"") | AD35: =IF(F35=$AE$3,1,"")
A36: =IF(B36="","",A35+1) -> 30 | B36: Triple Esteem Sdn. Bhd. | C36: =IF(B36="","","vs") -> vs | D36: MPAJ | E36: 2011 | F36: BERSETUJU | H36: Permohonan Kebenaran Merancang Bagi Membina 1 Unit Rumah Sesebuah 3 Tingkat (Termasuk 1 Separa Bawah Tanah) Di Atas Lot 6842 (4784), Jalan Teberau 1, Taman Ukay Heights, Bandar Ulu Klang, Daerah Gombak, Selangor Darul Ehsan | M36: =IF(D36=$M$3,1,"") | N36: =IF(D36=$N$3,1,"") -> 1 | O36: =IF(D36=$O$3,1,"") | P36: =IF(D36=$P$3,1,"") | Q36: =IF(D36=$Q$3,1,"") | R36: =IF(D36=$R$3,1,"") | S36: =IF(D36=$S$3,1,"") | T36: =IF(D36=$T$3,1,"") | U36: =IF(D36=$U$3,1,"") | V36: =IF(D36=$V$3,1,"") | W36: =IF(D36=$W$3,1,"") | X36: =IF(D36=$X$3,1,"") | Y36: =IF(#REF!=$X$3,1,"") -> #REF! | Z36: =IF(F36=$Z$3,1,"") | AA36: =IF(F36=$AA$3,1,"") | AB36: =IF(F36=$AB$3,1,"") | AC36: =IF(F36=$AC$3,1,"") | AD36: =IF(F36=$AE$3,1,"")
A37: =IF(B37="","",A36+1) -> 31 | B37: Graham Murray Davidson | C37: =IF(B37="","","vs") -> vs | D37: MPAJ | E37: 2011 | F37: BERSETUJU | H37: Permohonan Kebenaran Merancang Secara Serentak Dengan Tukar Syarat Nyata Tanah Daripada Tiada Kepada Kediaman bagi Membina Sebuah Banglo 3 Tingkat Beserta Bawah Tanah Dan Satu Kolam Renang Di Atas Lot 1614 Taman Ukay Heights, Mukim Ulu Kelang, Daerah Gombak, Selangor | M37: =IF(D37=$M$3,1,"") | N37: =IF(D37=$N$3,1,"") -> 1 | O37: =IF(D37=$O$3,1,"") | P37: =IF(D37=$P$3,1,"") | Q37: =IF(D37=$Q$3,1,"") | R37: =IF(D37=$R$3,1,"") | S37: =IF(D37=$S$3,1,"") | T37: =IF(D37=$T$3,1,"") | U37: =IF(D37=$U$3,1,"") | V37: =IF(D37=$V$3,1,"") | W37: =IF(D37=$W$3,1,"") | X37: =IF(D37=$X$3,1,"") | Y37: =IF(#REF!=$X$3,1,"") -> #REF! | Z37: =IF(F37=$Z$3,1,"") | AA37: =IF(F37=$AA$3,1,"") | AB37: =IF(F37=$AB$3,1,"") | AC37: =IF(F37=$AC$3,1,"") | AD37: =IF(F37=$AE$3,1,"")
A38: =IF(B38="","",A37+1) -> 32 | B38: Paul Leslie Smith | C38: =IF(B38="","","vs") -> vs | D38: MPS | E38: 2011 | F38: BERSETUJU | H38: Permohonan Kebenaran Merancang Secara Serentak Dengan Tukar Syarat Nyata Tanah Daripada Tiada Kepada Kediaman bagi Meroboh Dan Membina Semula Sebuah Banglo 3 Tingkat Beserta Bawah Tanah Dan Satu Kolam Renang Di Atas Lot 1615 Taman Ukay Heights, Mukim Ulu Kelang, Daerah Gombak, Selangor | M38: =IF(D38=$M$3,1,"") | N38: =IF(D38=$N$3,1,"") | O38: =IF(D38=$O$3,1,"") | P38: =IF(D38=$P$3,1,"") | Q38: =IF(D38=$Q$3,1,"") | R38: =IF(D38=$R$3,1,"") | S38: =IF(D38=$S$3,1,"") | T38: =IF(D38=$T$3,1,"") | U38: =IF(D38=$U$3,1,"") -> 1 | V38: =IF(D38=$V$3,1,"") | W38: =IF(D38=$W$3,1,"") | X38: =IF(D38=$X$3,1,"") | Y38: =IF(#REF!=$X$3,1,"") -> #REF! | Z38: =IF(F38=$Z$3,1,"") | AA38: =IF(F38=$AA$3,1,"") | AB38: =IF(F38=$AB$3,1,"") | AC38: =IF(F38=$AC$3,1,"") | AD38: =IF(F38=$AE$3,1,"")
A39: =IF(B39="","",A38+1) -> 33 | B39: Ilona Russell Nee Iona Finnigan | C39: =IF(B39="","","vs") -> vs | D39: MPAJ | E39: 2011 | F39: BERSETUJU | H39: Permohonan Kebenaran Merancang Secara Serentak Dengan Tukar Syarat Nyata Tanah Daripada Tiada Kepada Kediaman bagi Meroboh Dan Membina Semula Sebuah Banglo 3 Tingkat Beserta Bawah Tanah Dan Satu Kolam Renang Di Atas Lot 1616 Taman Ukay Heights, Mukim Ulu Kelang, Daerah Gombak, Selangor | M39: =IF(D39=$M$3,1,"") | N39: =IF(D39=$N$3,1,"") -> 1 | O39: =IF(D39=$O$3,1,"") | P39: =IF(D39=$P$3,1,"") | Q39: =IF(D39=$Q$3,1,"") | R39: =IF(D39=$R$3,1,"") | S39: =IF(D39=$S$3,1,"") | T39: =IF(D39=$T$3,1,"") | U39: =IF(D39=$U$3,1,"") | V39: =IF(D39=$V$3,1,"") | W39: =IF(D39=$W$3,1,"") | X39: =IF(D39=$X$3,1,"") | Y39: =IF(#REF!=$X$3,1,"") -> #REF! | Z39: =IF(F39=$Z$3,1,"") | AA39: =IF(F39=$AA$3,1,"") | AB39: =IF(F39=$AB$3,1,"") | AC39: =IF(F39=$AC$3,1,"") | AD39: =IF(F39=$AE$3,1,"")
A40: =IF(B40="","",A39+1) -> 34 | B40: SK Land & Property Sdn. Bhd. | C40: =IF(B40="","","vs") -> vs | D40: MPS | E40: 2011 | F40: DITOLAK | H40: Permohonan Kebenaran Merancang Pelan Susunatur Bagi Cadangan Membina Sebuah Bangunan ‘Cold Room’ 5 Tingkat Di Atas Lot PT 31117 (Lot 1713), Mukim Batu, Daerah Gombak, Selangor Darul Ehsan | I40: x | M40: =IF(D40=$M$3,1,"") | N40: =IF(D40=$N$3,1,"") | O40: =IF(D40=$O$3,1,"") | P40: =IF(D40=$P$3,1,"") | Q40: =IF(D40=$Q$3,1,"") | R40: =IF(D40=$R$3,1,"") | S40: =IF(D40=$S$3,1,"") | T40: =IF(D40=$T$3,1,"") | U40: =IF(D40=$U$3,1,"") -> 1 | V40: =IF(D40=$V$3,1,"") | W40: =IF(D40=$W$3,1,"") | X40: =IF(D40=$X$3,1,"") | Y40: =IF(#REF!=$X$3,1,"") -> #REF! | Z40: =IF(F40=$Z$3,1,"") | AA40: =IF(F40=$AA$3,1,"") | AB40: =IF(F40=$AB$3,1,"") | AC40: =IF(F40=$AC$3,1,"") | AD40: =IF(F40=$AE$3,1,"")
A41: =IF(B41="","",A40+1) -> 35 | B41: Tenterajaya Sdn. Bhd. (Aman Kemensah Sdn. Bhd.) | C41: =IF(B41="","","vs") -> vs | D41: MPAJ | E41: 2011 | F41: DITANGGUHKAN | H41: Permohonan Kebenaran Merancang Bagi Tujuan Penyerahan Balik Dan Pemberimilikan Semula Di Bawahseksyen 204, Ktn Untuk Pembangunan Perumahan Skim Komuniti Berpagar Di Bawah Seksyen 6 (1a) Akta 318 (Akta Hakmilik Strata 1985) Di Atas Lot 584, 585 Dan 599 Seluas 14.72 Ekar Mukim Ulu Klang Daerah Gombak, Selangor Darul Ehsan | M41: =IF(D41=$M$3,1,"") | N41: =IF(D41=$N$3,1,"") -> 1 | O41: =IF(D41=$O$3,1,"") | P41: =IF(D41=$P$3,1,"") | Q41: =IF(D41=$Q$3,1,"") | R41: =IF(D41=$R$3,1,"") | S41: =IF(D41=$S$3,1,"") | T41: =IF(D41=$T$3,1,"") | U41: =IF(D41=$U$3,1,"") | V41: =IF(D41=$V$3,1,"") | W41: =IF(D41=$W$3,1,"") | X41: =IF(D41=$X$3,1,"") | Y41: =IF(#REF!=$X$3,1,"") -> #REF! | Z41: =IF(F41=$Z$3,1,"") | AA41: =IF(F41=$AA$3,1,"") | AB41: =IF(F41=$AB$3,1,"") | AC41: =IF(F41=$AC$3,1,"") | AD41: =IF(F41=$AE$3,1,"")
A42: =IF(B42="","",A41+1) -> 36 | B42: Twin Ridge Sdn. Bhd. | C42: =IF(B42="","","vs") -> vs | D42: MPAJ | E42: 2011 | F42: DITANGGUHKAN | H42: Permohonan Pindaan Kebenaran Merancang Ke Atas Pelan Susunatur Yang Telah Diluluskan No. Rujukan Bil.(73)dlm MPAJ 11/2/91 Bertarikh 26 Oktober 2007 Bagi Cadangan Pembangunan Perumahan (Guarded Community) Di Atas Sebahagian Lot 424 Dan 542, Mukim Hulu Kelang, Daerah Gombak, Selangor Darul Ehsan | M42: =IF(D42=$M$3,1,"") | N42: =IF(D42=$N$3,1,"") -> 1 | O42: =IF(D42=$O$3,1,"") | P42: =IF(D42=$P$3,1,"") | Q42: =IF(D42=$Q$3,1,"") | R42: =IF(D42=$R$3,1,"") | S42: =IF(D42=$S$3,1,"") | T42: =IF(D42=$T$3,1,"") | U42: =IF(D42=$U$3,1,"") | V42: =IF(D42=$V$3,1,"") | W42: =IF(D42=$W$3,1,"") | X42: =IF(D42=$X$3,1,"") | Y42: =IF(#REF!=$X$3,1,"") -> #REF! | Z42: =IF(F42=$Z$3,1,"") | AA42: =IF(F42=$AA$3,1,"") | AB42: =IF(F42=$AB$3,1,"") | AC42: =IF(F42=$AC$3,1,"") | AD42: =IF(F42=$AE$3,1,"")
A43: =IF(B43="","",A42+1) -> 37 | B43: Majlis Agama Islam Selangor. | C43: =IF(B43="","","vs") -> vs | D43: MDHS | E43: 2011 | F43: DITOLAK | H43: Permohonan Kebenaran Merancang (Pindaan) Mengikut Seksyen 21 Akta 172 Bagi Kelulusan Pelan Susunatur Ke Atas Cadangan Merekabentuk, Membina dan Menyiapkan Pusat Pemulihan Dadah Tegar Serta Kemudahan Infrastruktur Di Atas Sebahagian Lot PT 20304 (HSD 44501) Seluas 31.851 Ekar, Tanah Milik Kerajaan, Mukim Serendah, Daerah Hulu Selangor | M43: =IF(D43=$M$3,1,"") | N43: =IF(D43=$N$3,1,"") | O43: =IF(D43=$O$3,1,"") | P43: =IF(D43=$P$3,1,"") | Q43: =IF(D43=$Q$3,1,"") | R43: =IF(D43=$R$3,1,"") | S43: =IF(D43=$S$3,1,"") | T43: =IF(D43=$T$3,1,"") | U43: =IF(D43=$U$3,1,"") | V43: =IF(D43=$V$3,1,"") | W43: =IF(D43=$W$3,1,"") | X43: =IF(D43=$X$3,1,"") | Y43: =IF(#REF!=$X$3,1,"") -> #REF! | Z43: =IF(F43=$Z$3,1,"") | AA43: =IF(F43=$AA$3,1,"") | AB43: =IF(F43=$AB$3,1,"") | AC43: =IF(F43=$AC$3,1,"") | AD43: =IF(F43=$AE$3,1,"")
A44: =IF(B44="","",A43+1) -> 38 | B44: Taman TAR Development Sdn. Bhd. | C44: =IF(B44="","","vs") -> vs | D44: MPAJ | E44: 2011 | F44: BERSETUJU | H44: Cadangan Pembangunan Perumahan 88 Lot Banglo Di Atas HS(D) 18814 PT 11527 (Lot Lama 11641), Taman Tun Abdul Razak, Mukim Hulu Klang, Daerah Gombak, Selangor Darul Ehsan. | M44: =IF(D44=$M$3,1,"") | N44: =IF(D44=$N$3,1,"") -> 1 | O44: =IF(D44=$O$3,1,"") | P44: =IF(D44=$P$3,1,"") | Q44: =IF(D44=$Q$3,1,"") | R44: =IF(D44=$R$3,1,"") | S44: =IF(D44=$S$3,1,"") | T44: =IF(D44=$T$3,1,"") | U44: =IF(D44=$U$3,1,"") | V44: =IF(D44=$V$3,1,"") | W44: =IF(D44=$W$3,1,"") | X44: =IF(D44=$X$3,1,"") | Y44: =IF(#REF!=$X$3,1,"") -> #REF! | Z44: =IF(F44=$Z$3,1,"") | AA44: =IF(F44=$AA$3,1,"") | AB44: =IF(F44=$AB$3,1,"") | AC44: =IF(F44=$AC$3,1,"") | AD44: =IF(F44=$AE$3,1,"")
A45: =IF(B45="","",A44+1) -> 39 | B45: Sunrise Alliance Sdn. Bhd. | C45: =IF(B45="","","vs") -> vs | D45: MPKj | E45: 2011 | F45: DITANGGUHKAN | H45: Permohonan Kebenaran Bagi Tujuan Serah Balik Dan Pemberimilikan Semula Di Bawah Seksyen 204A Untuk Cadangan Bangunan Perniagaa Di Atas Lot PT 24376 Mukim Kajang Daerah Hulu Langat, Selangor Darul Ehsan. | M45: =IF(D45=$M$3,1,"") | N45: =IF(D45=$N$3,1,"") | O45: =IF(D45=$O$3,1,"") | P45: =IF(D45=$P$3,1,"") | Q45: =IF(D45=$Q$3,1,"") | R45: =IF(D45=$R$3,1,"") | S45: =IF(D45=$S$3,1,"") | T45: =IF(D45=$T$3,1,"") -> 1 | U45: =IF(D45=$U$3,1,"") | V45: =IF(D45=$V$3,1,"") | W45: =IF(D45=$W$3,1,"") | X45: =IF(D45=$X$3,1,"") | Y45: =IF(#REF!=$X$3,1,"") -> #REF! | Z45: =IF(F45=$Z$3,1,"") | AA45: =IF(F45=$AA$3,1,"") | AB45: =IF(F45=$AB$3,1,"") | AC45: =IF(F45=$AC$3,1,"") | AD45: =IF(F45=$AE$3,1,"")
A46: =IF(B46="","",A45+1) -> 40 | B46: Bras Sanctuary Property Sdn. Bhd. | C46: =IF(B46="","","vs") -> vs | D46: MPS | E46: 2011 | F46: DITANGGUHKAN | H46: Permohonan Kebenaran Merancang Kepada Pelan Yang Telah Diluluskan Oleh Majlis Perbandaran Selayang Bagi Cadangan Pembangunan 60 Unit Lot Sesebuah Skim “ Gated Community” Di bawah Seksyen 6(1A) Akta 318 (Hakmilik Strata 1985) Di atas Lot 5070 (Fasa 5A) Templer Park Resort, Mukim Rawang, Daerah Gombak. | M46: =IF(D46=$M$3,1,"") | N46: =IF(D46=$N$3,1,"") | O46: =IF(D46=$O$3,1,"") | P46: =IF(D46=$P$3,1,"") | Q46: =IF(D46=$Q$3,1,"") | R46: =IF(D46=$R$3,1,"") | S46: =IF(D46=$S$3,1,"") | T46: =IF(D46=$T$3,1,"") | U46: =IF(D46=$U$3,1,"") -> 1 | V46: =IF(D46=$V$3,1,"") | W46: =IF(D46=$W$3,1,"") | X46: =IF(D46=$X$3,1,"") | Y46: =IF(#REF!=$X$3,1,"") -> #REF! | Z46: =IF(F46=$Z$3,1,"") | AA46: =IF(F46=$AA$3,1,"") | AB46: =IF(F46=$AB$3,1,"") | AC46: =IF(F46=$AC$3,1,"") | AD46: =IF(F46=$AE$3,1,"")
A47: =IF(B47="","",A46+1) -> 41 | B47: Mines Golf City Sdn. Bhd. | C47: =IF(B47="","","vs") -> vs | D47: MDHS | E47: 2011 | F47: BERSETUJU | H47: Permohonan Kebenaran Merancang Mengikut Seksyen 21(1) Akta 172 Untuk Tujuan Pembangunan Sebuah Resort Golf 18 Lubang Di atas Lot 2746, 2747, 2748, 2749, 2750 Dan 2849, Bagi Fasa 1 dan Pelan Konsep Bagi Fasa 2, Mukim Batang Kali, Daerah Hulu Selangor, Selangor Darul Ehsan. | M47: =IF(D47=$M$3,1,"") | N47: =IF(D47=$N$3,1,"") | O47: =IF(D47=$O$3,1,"") | P47: =IF(D47=$P$3,1,"") | Q47: =IF(D47=$Q$3,1,"") | R47: =IF(D47=$R$3,1,"") | S47: =IF(D47=$S$3,1,"") | T47: =IF(D47=$T$3,1,"") | U47: =IF(D47=$U$3,1,"") | V47: =IF(D47=$V$3,1,"") | W47: =IF(D47=$W$3,1,"") | X47: =IF(D47=$X$3,1,"") | Y47: =IF(#REF!=$X$3,1,"") -> #REF! | Z47: =IF(F47=$Z$3,1,"") | AA47: =IF(F47=$AA$3,1,"") | AB47: =IF(F47=$AB$3,1,"") | AC47: =IF(F47=$AC$3,1,"") | AD47: =IF(F47=$AE$3,1,"")
A48: =IF(B48="","",A47+1) -> 42 | B48: Bluewater Development Berhad | C48: =IF(B48="","","vs") -> vs | D48: MPKj | E48: 2011 | F48: DITOLAK | H48: Permohonan Kebenaran Merancang Bagi Pelan Susunatur Perumahan Serta Tujuan Serah Balik Dan Pemberimilikan Semula Tanah Di Bawah Seksyen 204a Daripada Tiada Kepada Bangunan (Kediaman) Kanun Tanah Negara Di Atas Lot 8845, Mukim Kajang, Daerah Hulu Langat, Selangor Darul Ehsan | M48: =IF(D48=$M$3,1,"") | N48: =IF(D48=$N$3,1,"") | O48: =IF(D48=$O$3,1,"") | P48: =IF(D48=$P$3,1,"") | Q48: =IF(D48=$Q$3,1,"") | R48: =IF(D48=$R$3,1,"") | S48: =IF(D48=$S$3,1,"") | T48: =IF(D48=$T$3,1,"") -> 1 | U48: =IF(D48=$U$3,1,"") | V48: =IF(D48=$V$3,1,"") | W48: =IF(D48=$W$3,1,"") | X48: =IF(D48=$X$3,1,"") | Y48: =IF(#REF!=$X$3,1,"") -> #REF! | Z48: =IF(F48=$Z$3,1,"") | AA48: =IF(F48=$AA$3,1,"") | AB48: =IF(F48=$AB$3,1,"") | AC48: =IF(F48=$AC$3,1,"") | AD48: =IF(F48=$AE$3,1,"")
A49: =IF(B49="","",A48+1) -> 43 | B49: Euthenia Land Sdn. Bhd. | C49: =IF(B49="","","vs") -> vs | D49: MPKj | E49: 2011 | F49: BERSETUJU | H49: Permohonan Kebenaran Merancang Bagi Serah Balik Dan Pemberimilikan Semula Tanah Di Bawah Seksyen 204A, Kanun Tanah Negara (KTN), Daripada Pertanian Kepada Bangunan, Mukim Kajang, Daerah Hulu Langat, Selangor Darul Ehsan. | M49: =IF(D49=$M$3,1,"") | N49: =IF(D49=$N$3,1,"") | O49: =IF(D49=$O$3,1,"") | P49: =IF(D49=$P$3,1,"") | Q49: =IF(D49=$Q$3,1,"") | R49: =IF(D49=$R$3,1,"") | S49: =IF(D49=$S$3,1,"") | T49: =IF(D49=$T$3,1,"") -> 1 | U49: =IF(D49=$U$3,1,"") | V49: =IF(D49=$V$3,1,"") | W49: =IF(D49=$W$3,1,"") | X49: =IF(D49=$X$3,1,"") | Y49: =IF(#REF!=$X$3,1,"") -> #REF! | Z49: =IF(F49=$Z$3,1,"") | AA49: =IF(F49=$AA$3,1,"") | AB49: =IF(F49=$AB$3,1,"") | AC49: =IF(F49=$AC$3,1,"") | AD49: =IF(F49=$AE$3,1,"")
A50: =IF(B50="","",A49+1) -> 44 | B50: Lucky Bright Star Sdn. Bhd. | C50: =IF(B50="","","vs") -> vs | D50: MPKj | E50: 2011 | F50: BERSETUJU | H50: Permohonan Kebenaran Bagi Pelan Susunatur Perumahan Strata Secara Komuniti Berpengawal Dan Berpagar Di Bawah Seksyen 6 1A Akta 318 ( Akta Hakmilik Strata 1985 ) Di Atas Lot 1108 ( Lot Lama PT 243740 ) Pekan Kajang, Daerah Hulu Langat, Selangor Darul Ehsan. | M50: =IF(D50=$M$3,1,"") | N50: =IF(D50=$N$3,1,"") | O50: =IF(D50=$O$3,1,"") | P50: =IF(D50=$P$3,1,"") | Q50: =IF(D50=$Q$3,1,"") | R50: =IF(D50=$R$3,1,"") | S50: =IF(D50=$S$3,1,"") | T50: =IF(D50=$T$3,1,"") -> 1 | U50: =IF(D50=$U$3,1,"") | V50: =IF(D50=$V$3,1,"") | W50: =IF(D50=$W$3,1,"") | X50: =IF(D50=$X$3,1,"") | Y50: =IF(#REF!=$X$3,1,"") -> #REF! | Z50: =IF(F50=$Z$3,1,"") | AA50: =IF(F50=$AA$3,1,"") | AB50: =IF(F50=$AB$3,1,"") | AC50: =IF(F50=$AC$3,1,"") | AD50: =IF(F50=$AE$3,1,"")
A51: =IF(B51="","",A50+1) -> 45 | B51: Sierra Ukay Sdn. Bhd. | C51: =IF(B51="","","vs") -> vs | D51: MPAJ | E51: 2011 | F51: BERSETUJU | H51: Permohonan Kebenaran Merancang Mengikut Seksyen 21, Akta 172, Bagi Cadangan Pindaan Pelan Susunatur Untuk Tujuan Tukar Syarat Dan Pecah Sempadan Tanah Di Bawah Seksyen 124A, Kanun Tanah Negara (KTN) Daripada Pertanian Kepada Bangunan , Di Atas Lot 15687 Seluas 90.56 Ekar, Mukim Hulu Klang, Daerah Gombak, Selangor Darul Ehsan. | M51: =IF(D51=$M$3,1,"") | N51: =IF(D51=$N$3,1,"") -> 1 | O51: =IF(D51=$O$3,1,"") | P51: =IF(D51=$P$3,1,"") | Q51: =IF(D51=$Q$3,1,"") | R51: =IF(D51=$R$3,1,"") | S51: =IF(D51=$S$3,1,"") | T51: =IF(D51=$T$3,1,"") | U51: =IF(D51=$U$3,1,"") | V51: =IF(D51=$V$3,1,"") | W51: =IF(D51=$W$3,1,"") | X51: =IF(D51=$X$3,1,"") | Y51: =IF(#REF!=$X$3,1,"") -> #REF! | Z51: =IF(F51=$Z$3,1,"") | AA51: =IF(F51=$AA$3,1,"") | AB51: =IF(F51=$AB$3,1,"") | AC51: =IF(F51=$AC$3,1,"") | AD51: =IF(F51=$AE$3,1,"")
A52: =IF(B52="","",A51+1) -> 46 | B52: Angkasa Gagah Sdn. Bhd. | C52: =IF(#REF!="","","vs") -> #REF! | D52: MPAJ | E52: 2011 | F52: BERSETUJU | G52: bil 6/2013 | H52: Permohonan Pelan Pembangunan Perumahan Bercampur Di Atas Lot 16833 (PT 4609), 16834 (PT 4610), 16835 (PT 4611) Dan 16836 Dan 16837, Taman Melawati, Mukim Setapak, Daerah Gombak, Selangor Darul Ehsan. | M52: =IF(D52=$M$3,1,"") | N52: =IF(D52=$N$3,1,"") -> 1 | O52: =IF(D52=$O$3,1,"") | P52: =IF(D52=$P$3,1,"") | Q52: =IF(D52=$Q$3,1,"") | R52: =IF(D52=$R$3,1,"") | S52: =IF(D52=$S$3,1,"") | T52: =IF(D52=$T$3,1,"") | U52: =IF(D52=$U$3,1,"") | V52: =IF(D52=$V$3,1,"") | W52: =IF(D52=$W$3,1,"") | X52: =IF(D52=$X$3,1,"") | Y52: =IF(#REF!=$X$3,1,"") -> #REF! | Z52: =IF(F52=$Z$3,1,"") | AA52: =IF(F52=$AA$3,1,"") | AB52: =IF(F52=$AB$3,1,"") | AC52: =IF(F52=$AC$3,1,"") | AD52: =IF(F52=$AE$3,1,"")
A53: =IF(B53="","",A52+1) -> 47 | B53: MDS Ventures Sdn. Bhd. | C53: =IF(B52="","","vs") -> vs | D53: MBPJ | E53: 2011 | F53: BERSETUJU | H53: Permohonan Kebenaran Merancang Bagi Tujuan Serah Balik Kurnia Semula Di Bawah Seksyen 197 dan 79 Kanun Tanah Negara (KTN) Untuk Pembangunan 8 Unit Rumah Sesebuah (2 Tingkat Dan 1 Tingkat Separa Bawah Tanah ) Di Atas Lot PT 360, PT 361, PT 362, PT 584, PT 585, PT 586, PT 587 Dan Sebahagian Tanah Kerajaan, Jalan 5/64, Seksyen 19, Bandar Petaling Jaya, Daerah Petaling, Selangor Darul Ehsan. | M53: =IF(D53=$M$3,1,"") | N53: =IF(D53=$N$3,1,"") | O53: =IF(D53=$O$3,1,"") | P53: =IF(D53=$P$3,1,"") -> 1 | Q53: =IF(D53=$Q$3,1,"") | R53: =IF(D53=$R$3,1,"") | S53: =IF(D53=$S$3,1,"") | T53: =IF(D53=$T$3,1,"") | U53: =IF(D53=$U$3,1,"") | V53: =IF(D53=$V$3,1,"") | W53: =IF(D53=$W$3,1,"") | X53: =IF(D53=$X$3,1,"") | Y53: =IF(#REF!=$X$3,1,"") -> #REF! | Z53: =IF(F53=$Z$3,1,"") | AA53: =IF(F53=$AA$3,1,"") | AB53: =IF(F53=$AB$3,1,"") | AC53: =IF(F53=$AC$3,1,"") | AD53: =IF(F53=$AE$3,1,"")
A54: =IF(B54="","",A53+1) -> 48 | B54: Pn. Lum Mun Yee | C54: =IF(B53="","","vs") -> vs | D54: MPAJ | E54: 2011 | F54: BERSETUJU | H54: Permohonan Kebenaran Merancang Bagi Cadangan Pembangunan Satu Unit Rumah Banglo 2 Tingkat Dan 1 Aras Bawah (Basement), Di Atas Lot 16700 Dan Lot 16701, Taman Melawati, Bandar Ulu Kelang, Mukim Setapak, Daerah Gombak, Selangor Darul Ehsan. | M54: =IF(D54=$M$3,1,"") | N54: =IF(D54=$N$3,1,"") -> 1 | O54: =IF(D54=$O$3,1,"") | P54: =IF(D54=$P$3,1,"") | Q54: =IF(D54=$Q$3,1,"") | R54: =IF(D54=$R$3,1,"") | S54: =IF(D54=$S$3,1,"") | T54: =IF(D54=$T$3,1,"") | U54: =IF(D54=$U$3,1,"") | V54: =IF(D54=$V$3,1,"") | W54: =IF(D54=$W$3,1,"") | X54: =IF(D54=$X$3,1,"") | Y54: =IF(#REF!=$X$3,1,"") -> #REF! | Z54: =IF(F54=$Z$3,1,"") | AA54: =IF(F54=$AA$3,1,"") | AB54: =IF(F54=$AB$3,1,"") | AC54: =IF(F54=$AC$3,1,"") | AD54: =IF(F54=$AE$3,1,"")
A55: =IF(B55="","",A54+1) -> 49 | B55: SK Land & Property Sdn. Bhd. | C55: =IF(B54="","","vs") -> vs | D55: MPS | E55: 2011 | F55: BERSETUJU | H55: Permohonan Kebenaran Merancang Pelan Susunatur Bagi Cadangan Membina Sebuah Bangunan 'Cold Room' 5 Tingkat Di Atas Lot Pt 31117 (1713), Mukim Batu, Daerah Gombak, Bandar Baru Selayang, Selangor Darul Ehsan Untuk Tetuan Sk Land & Property Sdn.Bhd. | M55: =IF(D55=$M$3,1,"") | N55: =IF(D55=$N$3,1,"") | O55: =IF(D55=$O$3,1,"") | P55: =IF(D55=$P$3,1,"") | Q55: =IF(D55=$Q$3,1,"") | R55: =IF(D55=$R$3,1,"") | S55: =IF(D55=$S$3,1,"") | T55: =IF(D55=$T$3,1,"") | U55: =IF(D55=$U$3,1,"") -> 1 | V55: =IF(D55=$V$3,1,"") | W55: =IF(D55=$W$3,1,"") | X55: =IF(D55=$X$3,1,"") | Y55: =IF(#REF!=$X$3,1,"") -> #REF! | Z55: =IF(F55=$Z$3,1,"") | AA55: =IF(F55=$AA$3,1,"") | AB55: =IF(F55=$AB$3,1,"") | AC55: =IF(F55=$AC$3,1,"") | AD55: =IF(F55=$AE$3,1,"")
A56: =IF(B56="","",A55+1) -> 50 | B56: Ketapang Reality Sdn. Bhd. | C56: =IF(B56="","","vs") -> vs | D56: MPAJ | E56: 2011 | F56: DITOLAK | H56: Permohonan Pindaan Pelan Susunatur Yang Telah Diluluskan ( Bernombor Rujukan Bil. 11/5/350 Bertarikh 16 Februari 2001 ) Bagi Cadangan Pembangunan Perumahan Di Atas Lot 115283, Mukim Hulu Kelang, Daerah Gombak, Selangor Darul Ehsan. | M56: =IF(D56=$M$3,1,"") | N56: =IF(D56=$N$3,1,"") -> 1 | O56: =IF(D56=$O$3,1,"") | P56: =IF(D56=$P$3,1,"") | Q56: =IF(D56=$Q$3,1,"") | R56: =IF(D56=$R$3,1,"") | S56: =IF(D56=$S$3,1,"") | T56: =IF(D56=$T$3,1,"") | U56: =IF(D56=$U$3,1,"") | V56: =IF(D56=$V$3,1,"") | W56: =IF(D56=$W$3,1,"") | X56: =IF(D56=$X$3,1,"") | Y56: =IF(#REF!=$X$3,1,"") -> #REF! | Z56: =IF(F56=$Z$3,1,"") | AA56: =IF(F56=$AA$3,1,"") | AB56: =IF(F56=$AB$3,1,"") | AC56: =IF(F56=$AC$3,1,"") | AD56: =IF(F56=$AE$3,1,"")
A57: =IF(B57="","",A56+1) -> 51 | B57: Seriemas Development Sdn. Bhd. | C57: =IF(B57="","","vs") -> vs | D57: MPKj | E57: 2011 | F57: DITOLAK | H57: Permohonan Kebenaran Merancang Pelan Susunatur Bagi Pembangunan Kediaman Di Atas Lot PT 69786, Mukim Kajang, Ladang Bangi, Daerah Hulu Langat, Selangor Darul Ehsan. | M57: =IF(D57=$M$3,1,"") | N57: =IF(D57=$N$3,1,"") | O57: =IF(D57=$O$3,1,"") | P57: =IF(D57=$P$3,1,"") | Q57: =IF(D57=$Q$3,1,"") | R57: =IF(D57=$R$3,1,"") | S57: =IF(D57=$S$3,1,"") | T57: =IF(D57=$T$3,1,"") -> 1 | U57: =IF(D57=$U$3,1,"") | V57: =IF(D57=$V$3,1,"") | W57: =IF(D57=$W$3,1,"") | X57: =IF(D57=$X$3,1,"") | Y57: =IF(#REF!=$X$3,1,"") -> #REF! | Z57: =IF(F57=$Z$3,1,"") | AA57: =IF(F57=$AA$3,1,"") | AB57: =IF(F57=$AB$3,1,"") | AC57: =IF(F57=$AC$3,1,"") | AD57: =IF(F57=$AE$3,1,"")
A58: =IF(B58="","",A57+1) -> 52 | B58: Berjayacity Sdn. Bhd. | C58: =IF(B58="","","vs") -> vs | D58: MDHS | E58: 2011 | F58: DITOLAK | H58: Permohonan Kebenaran Merancang Pelan Susunatur Bagi Cadangan Pecah Sempadan Dan Menukar Syarat Tanah Secara Serentak Di Bawah Seksyen 124A Kanun Tanah Negara KTN 1965 Di Atas Sebahagian Lot 25 Dan Sebahagian Lot 26, Mukim Sungai Tinggi, Daerah Hulu Selangor Darul Ehsan | M58: =IF(D58=$M$3,1,"") | N58: =IF(D58=$N$3,1,"") | O58: =IF(D58=$O$3,1,"") | P58: =IF(D58=$P$3,1,"") | Q58: =IF(D58=$Q$3,1,"") | R58: =IF(D58=$R$3,1,"") | S58: =IF(D58=$S$3,1,"") | T58: =IF(D58=$T$3,1,"") | U58: =IF(D58=$U$3,1,"") | V58: =IF(D58=$V$3,1,"") | W58: =IF(D58=$W$3,1,"") | X58: =IF(D58=$X$3,1,"") | Y58: =IF(#REF!=$X$3,1,"") -> #REF! | Z58: =IF(F58=$Z$3,1,"") | AA58: =IF(F58=$AA$3,1,"") | AB58: =IF(F58=$AB$3,1,"") | AC58: =IF(F58=$AC$3,1,"") | AD58: =IF(F58=$AE$3,1,"")
A59: =IF(B59="","",A58+1) -> 53 | B59: Projek Lebuhraya Utara Selatan(PLUS) | C59: =IF(B59="","","vs") -> vs | D59: MPKj | E59: 2011 | F59: BERSETUJU | H59: Permohonan Kebenaran Merancang Pembangunan Plaza Tol Sungai Buaya Di Kilometer 434.7, Lebuhraya Utara – Selatan (PLUS), Mukim Serendah, Daerah Hulu Selangor. | M59: =IF(D59=$M$3,1,"") | N59: =IF(D59=$N$3,1,"") | O59: =IF(D59=$O$3,1,"") | P59: =IF(D59=$P$3,1,"") | Q59: =IF(D59=$Q$3,1,"") | R59: =IF(D59=$R$3,1,"") | S59: =IF(D59=$S$3,1,"") | T59: =IF(D59=$T$3,1,"") -> 1 | U59: =IF(D59=$U$3,1,"") | V59: =IF(D59=$V$3,1,"") | W59: =IF(D59=$W$3,1,"") | X59: =IF(D59=$X$3,1,"") | Y59: =IF(#REF!=$X$3,1,"") -> #REF! | Z59: =IF(F59=$Z$3,1,"") | AA59: =IF(F59=$AA$3,1,"") | AB59: =IF(F59=$AB$3,1,"") | AC59: =IF(F59=$AC$3,1,"") | AD59: =IF(F59=$AE$3,1,"")
A60: =IF(B60="","",A59+1) -> 54 | B60: Temasik Premium Sdn. Bhd. | C60: =IF(B60="","","vs") -> vs | D60: MPAJ | E60: 2011 | F60: DITOLAK | H60: Permohonan Kebenaran Merancang Bagi Cadangan Pembangunan Kondominium Yang Mengandungi : a. Blok A Setinggi 26 Tingkat ( Berjumlah 182 Unit ) Serta Kemudahan (Dewan Serbaguna, Gymnasium, Bilik Baca, Dobi, Pasar Mini, Tempat Rehat/Cafe, Tadika) Dan 5 Tingkat Bawah Aras Jalan Untuk Tempat Letak Kereta. b. Blok B Setinggi 19 Tingkat (Berjumlah 126 Unit) Serta Kemudahan (Dewan Serbaguna, Gymnasium, Bilik Baca, Dobi, Pasar Mini, Tempat Rehat/Cafe, Tadika) Dan 5 Tingkat Bawah Aras Jalan Untuk Tempat Letak Kereta. Di atas Lot PT1073 Dan Lot 1074, Bandar Ulu Kelang, Daerah Gombak, Selangor Darul Ehsan. | M60: =IF(D60=$M$3,1,"") | N60: =IF(D60=$N$3,1,"") -> 1 | O60: =IF(D60=$O$3,1,"") | P60: =IF(D60=$P$3,1,"") | Q60: =IF(D60=$Q$3,1,"") | R60: =IF(D60=$R$3,1,"") | S60: =IF(D60=$S$3,1,"") | T60: =IF(D60=$T$3,1,"") | U60: =IF(D60=$U$3,1,"") | V60: =IF(D60=$V$3,1,"") | W60: =IF(D60=$W$3,1,"") | X60: =IF(D60=$X$3,1,"") | Y60: =IF(#REF!=$X$3,1,"") -> #REF! | Z60: =IF(F60=$Z$3,1,"") | AA60: =IF(F60=$AA$3,1,"") | AB60: =IF(F60=$AB$3,1,"") | AC60: =IF(F60=$AC$3,1,"") | AD60: =IF(F60=$AE$3,1,"")
A61: =IF(B61="","",A60+1) -> 55 | B61: Dream Land Development Sdn. Bhd. | C61: =IF(B61="","","vs") -> vs | D61: MPKj | E61: 2011 | F61: BERSETUJU | H61: Permohonan Kebenaran Merancang Bagi Tujuan Serah Balik Dan Pemberimilikan Semula Tanah Di Bawah Seksyen 204A Kanun Tanah Negara (KTN) Daripada Pertanian Kepada Bangunan (Kediaman) Di Atas Lot 1449, Mukim Cheras, Daerah Hulu Langat, Selangor Darul Ehsan. | M61: =IF(D61=$M$3,1,"") | N61: =IF(D61=$N$3,1,"") | O61: =IF(D61=$O$3,1,"") | P61: =IF(D61=$P$3,1,"") | Q61: =IF(D61=$Q$3,1,"") | R61: =IF(D61=$R$3,1,"") | S61: =IF(D61=$S$3,1,"") | T61: =IF(D61=$T$3,1,"") -> 1 | U61: =IF(D61=$U$3,1,"") | V61: =IF(D61=$V$3,1,"") | W61: =IF(D61=$W$3,1,"") | X61: =IF(D61=$X$3,1,"") | Y61: =IF(#REF!=$X$3,1,"") -> #REF! | Z61: =IF(F61=$Z$3,1,"") | AA61: =IF(F61=$AA$3,1,"") | AB61: =IF(F61=$AB$3,1,"") | AC61: =IF(F61=$AC$3,1,"") | AD61: =IF(F61=$AE$3,1,"")
A62: =IF(B62="","",A61+1) -> 56 | B62: Juta Development Sdn. Bhd. | C62: =IF(B62="","","vs") -> vs | D62: MPKj | E62: 2011 | F62: BERSETUJU | H62: Permohonan Kebenaran Merancang Bagi Tujuan Serah Balik Dan Pemberimilikan Semula Tanah Di Bawah Seksyen 204A Kanun Tanah Negara (KTN) Daripada Pertanian Kepada Bangunan (Kediaman) Di Atas Lot 1450, Dan 1564 Mukim Cheras, Daerah Hulu Langat, Selangor Darul Ehsan. | M62: =IF(D62=$M$3,1,"") | N62: =IF(D62=$N$3,1,"") | O62: =IF(D62=$O$3,1,"") | P62: =IF(D62=$P$3,1,"") | Q62: =IF(D62=$Q$3,1,"") | R62: =IF(D62=$R$3,1,"") | S62: =IF(D62=$S$3,1,"") | T62: =IF(D62=$T$3,1,"") -> 1 | U62: =IF(D62=$U$3,1,"") | V62: =IF(D62=$V$3,1,"") | W62: =IF(D62=$W$3,1,"") | X62: =IF(D62=$X$3,1,"") | Y62: =IF(#REF!=$X$3,1,"") -> #REF! | Z62: =IF(F62=$Z$3,1,"") | AA62: =IF(F62=$AA$3,1,"") | AB62: =IF(F62=$AB$3,1,"") | AC62: =IF(F62=$AC$3,1,"") | AD62: =IF(F62=$AE$3,1,"")
A63: =IF(B63="","",A62+1) -> 57 | B63: Ketapang Realty Sdn. Bhd. | C63: =IF(B63="","","vs") -> vs | D63: MPAJ | E63: 2011 | F63: BERSETUJU | H63: Permohonan Pindaan Kebenaran Merancang Pelan Susunatur Yang Telah Diluluskan (Bernombor Rujukan Bil. 11/5/350 Bertarikh 16hb. Februari, 2007) Bagi Cadangan Pembangunan Perumahan Di Bawah Seksyen 6(1), Akta 318 (Gated Community) Di Atas Lot 15283, Seksyen 2, Bandar Hulu Kelang, Daerah Gombak, Selangor Darul Ehsan. | M63: =IF(D63=$M$3,1,"") | N63: =IF(D63=$N$3,1,"") -> 1 | O63: =IF(D63=$O$3,1,"") | P63: =IF(D63=$P$3,1,"") | Q63: =IF(D63=$Q$3,1,"") | R63: =IF(D63=$R$3,1,"") | S63: =IF(D63=$S$3,1,"") | T63: =IF(D63=$T$3,1,"") | U63: =IF(D63=$U$3,1,"") | V63: =IF(D63=$V$3,1,"") | W63: =IF(D63=$W$3,1,"") | X63: =IF(D63=$X$3,1,"") | Y63: =IF(#REF!=$X$3,1,"") -> #REF! | Z63: =IF(F63=$Z$3,1,"") | AA63: =IF(F63=$AA$3,1,"") | AB63: =IF(F63=$AB$3,1,"") | AC63: =IF(F63=$AC$3,1,"") | AD63: =IF(F63=$AE$3,1,"")
A64: =IF(B64="","",A63+1) -> 58 | B64: Superior Dignity Sdn. Bhd. | C64: =IF(B64="","","vs") -> vs | D64: MPAJ | E64: 2011 | F64: BERSETUJU | H64: Permohonan Kebenaran Merancang Bagi Pembangunan Skim “ Gated Community “ Di Bawah Seksyen 6(1A) Akta 318 ( Akta Hakmilik Strata 1985) Di Atas Lot 1224, 1234 Dan 1235, Kemensah, Mukim Hulu Kelang, Daerah Gombak, Selangor Darul Ehsan. | M64: =IF(D64=$M$3,1,"") | N64: =IF(D64=$N$3,1,"") -> 1 | O64: =IF(D64=$O$3,1,"") | P64: =IF(D64=$P$3,1,"") | Q64: =IF(D64=$Q$3,1,"") | R64: =IF(D64=$R$3,1,"") | S64: =IF(D64=$S$3,1,"") | T64: =IF(D64=$T$3,1,"") | U64: =IF(D64=$U$3,1,"") | V64: =IF(D64=$V$3,1,"") | W64: =IF(D64=$W$3,1,"") | X64: =IF(D64=$X$3,1,"") | Y64: =IF(#REF!=$X$3,1,"") -> #REF! | Z64: =IF(F64=$Z$3,1,"") | AA64: =IF(F64=$AA$3,1,"") | AB64: =IF(F64=$AB$3,1,"") | AC64: =IF(F64=$AC$3,1,"") | AD64: =IF(F64=$AE$3,1,"")
A65: =IF(B65="","",A64+1) -> 59 | B65: Kundang Properties Sdn. Bhd. | C65: =IF(B65="","","vs") -> vs | D65: MPS | E65: 2011 | F65: BERSETUJU | H65: Permohonan Kebenaran Merancang Mengikut Seksyen 21, Akta 172 Bagi Tujuan Serah Balik Dan Kurnia Semula Di Bawah Seksyen 204D (KTN) Di Atas Lot 3451, Lot 3420, Lot 1442, Lot 1383, Lot 1444, Sebahagian Lot 1245 Dan Lot 1381, Mukim Rawang, Daerah Gombak, Selangor Darul Ehsan. | M65: =IF(D65=$M$3,1,"") | N65: =IF(D65=$N$3,1,"") | O65: =IF(D65=$O$3,1,"") | P65: =IF(D65=$P$3,1,"") | Q65: =IF(D65=$Q$3,1,"") | R65: =IF(D65=$R$3,1,"") | S65: =IF(D65=$S$3,1,"") | T65: =IF(D65=$T$3,1,"") | U65: =IF(D65=$U$3,1,"") -> 1 | V65: =IF(D65=$V$3,1,"") | W65: =IF(D65=$W$3,1,"") | X65: =IF(D65=$X$3,1,"") | Y65: =IF(#REF!=$X$3,1,"") -> #REF! | Z65: =IF(F65=$Z$3,1,"") | AA65: =IF(F65=$AA$3,1,"") | AB65: =IF(F65=$AB$3,1,"") | AC65: =IF(F65=$AC$3,1,"") | AD65: =IF(F65=$AE$3,1,"")
A66: =IF(B66="","",A65+1) -> 60 | B66: Sin Heap Lee Development Sdn. Bhd. | C66: =IF(B66="","","vs") -> vs | D66: MPKj | E66: 2011 | F66: BERSETUJU | H66: Permohonan Kebenaran Merancang Untuk Tujuan Menukar Syarat Kegunaan Tanah Dan Pecah Sempadan Tanah Secara Serentak Di Bawah Seksyen 124A Kanun Tanah Negara (KTN) Daripada Perindustrian Kepada bangunan (Perumahan Dan Perniagaan ) Di Atas Lot 7989, Mukim Semenyih, Daerah Hulu Langat, Selangor Darul Ehsan. | M66: =IF(D66=$M$3,1,"") | N66: =IF(D66=$N$3,1,"") | O66: =IF(D66=$O$3,1,"") | P66: =IF(D66=$P$3,1,"") | Q66: =IF(D66=$Q$3,1,"") | R66: =IF(D66=$R$3,1,"") | S66: =IF(D66=$S$3,1,"") | T66: =IF(D66=$T$3,1,"") -> 1 | U66: =IF(D66=$U$3,1,"") | V66: =IF(D66=$V$3,1,"") | W66: =IF(D66=$W$3,1,"") | X66: =IF(D66=$X$3,1,"") | Y66: =IF(#REF!=$X$3,1,"") -> #REF! | Z66: =IF(F66=$Z$3,1,"") | AA66: =IF(F66=$AA$3,1,"") | AB66: =IF(F66=$AB$3,1,"") | AC66: =IF(F66=$AC$3,1,"") | AD66: =IF(F66=$AE$3,1,"")
A67: =IF(B67="","",A66+1) -> 61 | B67: Angkasa Gagah Sdn. Bhd. | C67: =IF(B67="","","vs") -> vs | D67: MPAJ | E67: 2011 | F67: BERSETUJU | M67: =IF(D67=$M$3,1,"") | N67: =IF(D67=$N$3,1,"") -> 1 | O67: =IF(D67=$O$3,1,"") | P67: =IF(D67=$P$3,1,"") | Q67: =IF(D67=$Q$3,1,"") | R67: =IF(D67=$R$3,1,"") | S67: =IF(D67=$S$3,1,"") | T67: =IF(D67=$T$3,1,"") | U67: =IF(D67=$U$3,1,"") | V67: =IF(D67=$V$3,1,"") | W67: =IF(D67=$W$3,1,"") | X67: =IF(D67=$X$3,1,"") | Y67: =IF(#REF!=$X$3,1,"") -> #REF! | Z67: =IF(F67=$Z$3,1,"") | AA67: =IF(F67=$AA$3,1,"") | AB67: =IF(F67=$AB$3,1,"") | AC67: =IF(F67=$AC$3,1,"") | AD67: =IF(F67=$AE$3,1,"")
A68: =IF(B68="","",A67+1) -> 62 | B68: Berjaya City Sdn. Bhd. | C68: =IF(B68="","","vs") -> vs | D68: MDHS | E68: 2012 | F68: DITOLAK | H68: Cadangan Pendirian Kompleks Pemasangan Kereta Dan Kolej Automotif (Plot IS 3 Dan IS 4) Di Atas Sebahagian Lot 26 (Geran 39947), Mukim Sungai Tinggi, Daerah Hulu Selangor, Selangor Darul Ehsan. | M68: =IF(D68=$M$3,1,"") | N68: =IF(D68=$N$3,1,"") | O68: =IF(D68=$O$3,1,"") | P68: =IF(D68=$P$3,1,"") | Q68: =IF(D68=$Q$3,1,"") | R68: =IF(D68=$R$3,1,"") | S68: =IF(D68=$S$3,1,"") | T68: =IF(D68=$T$3,1,"") | U68: =IF(D68=$U$3,1,"") | V68: =IF(D68=$V$3,1,"") | W68: =IF(D68=$W$3,1,"") | X68: =IF(D68=$X$3,1,"") | Y68: =IF(#REF!=$X$3,1,"") -> #REF! | Z68: =IF(F68=$Z$3,1,"") | AA68: =IF(F68=$AA$3,1,"") | AB68: =IF(F68=$AB$3,1,"") | AC68: =IF(F68=$AC$3,1,"") | AD68: =IF(F68=$AE$3,1,"")
A69: =IF(B69="","",A68+1) -> 63 | B69: Kagumas Culinary Academy (M) Sdn. Bhd. | C69: =IF(B69="","","vs") -> vs | D69: MPKj | E69: 2012 | F69: DITOLAK | H69: Permohonan Kebenaran Merancang Bagi Cadangan Menukar Syarat Tanah Daripada Pertanian Kepada Bangunan Kagumas Culinary Academy Dan Pecah Sempadan Tanah Di Bawah Seksyen (124A) KTN Di Atas Lot 1451 & 1452, Mukim Beranang, Daerah Hulu Langat, Selangor Darul Ehsan. | M69: =IF(D69=$M$3,1,"") | N69: =IF(D69=$N$3,1,"") | O69: =IF(D69=$O$3,1,"") | P69: =IF(D69=$P$3,1,"") | Q69: =IF(D69=$Q$3,1,"") | R69: =IF(D69=$R$3,1,"") | S69: =IF(D69=$S$3,1,"") | T69: =IF(D69=$T$3,1,"") -> 1 | U69: =IF(D69=$U$3,1,"") | V69: =IF(D69=$V$3,1,"") | W69: =IF(D69=$W$3,1,"") | X69: =IF(D69=$X$3,1,"") | Y69: =IF(#REF!=$X$3,1,"") -> #REF! | Z69: =IF(F69=$Z$3,1,"") | AA69: =IF(F69=$AA$3,1,"") | AB69: =IF(F69=$AB$3,1,"") | AC69: =IF(F69=$AC$3,1,"") | AD69: =IF(F69=$AE$3,1,"")
A70: =IF(B70="","",A69+1) -> 64 | B70: Lembah Langat Development Sdn. Bhd. | C70: =IF(B70="","","vs") -> vs | D70: MPAJ | E70: 2012 | F70: BERSETUJU | M70: =IF(D70=$M$3,1,"") | N70: =IF(D70=$N$3,1,"") -> 1 | O70: =IF(D70=$O$3,1,"") | P70: =IF(D70=$P$3,1,"") | Q70: =IF(D70=$Q$3,1,"") | R70: =IF(D70=$R$3,1,"") | S70: =IF(D70=$S$3,1,"") | T70: =IF(D70=$T$3,1,"") | U70: =IF(D70=$U$3,1,"") | V70: =IF(D70=$V$3,1,"") | W70: =IF(D70=$W$3,1,"") | X70: =IF(D70=$X$3,1,"") | Y70: =IF(#REF!=$X$3,1,"") -> #REF! | Z70: =IF(F70=$Z$3,1,"") | AA70: =IF(F70=$AA$3,1,"") | AB70: =IF(F70=$AB$3,1,"") | AC70: =IF(F70=$AC$3,1,"") | AD70: =IF(F70=$AE$3,1,"")
A71: =IF(B71="","",A70+1) -> 65 | B71: Setia Ecohill Sdn. Bhd. | C71: =IF(B71="","","vs") -> vs | D71: MPKj | E71: 2012 | F71: BERSETUJU | H71: Permohonan Kebenaran Merancang untuk Tujuan Serahbalik Dan Berimilik Semula Tanah Di bawah Seksyen 204B Kanun Tanah Negara (KTN) Daripada Perindustrian Dan Bangunan Kepada Bangunan Bagi Cadangan Pembangunan Perumahan Bercampur Dan Perniagaan Di Atas lot 650 dan PT 33987, Mukim Semenyih, Daerah Hulu Langat, Selangor Darul Ehsan. | M71: =IF(D71=$M$3,1,"") | N71: =IF(D71=$N$3,1,"") | O71: =IF(D71=$O$3,1,"") | P71: =IF(D71=$P$3,1,"") | Q71: =IF(D71=$Q$3,1,"") | R71: =IF(D71=$R$3,1,"") | S71: =IF(D71=$S$3,1,"") | T71: =IF(D71=$T$3,1,"") -> 1 | U71: =IF(D71=$U$3,1,"") | V71: =IF(D71=$V$3,1,"") | W71: =IF(D71=$W$3,1,"") | X71: =IF(D71=$X$3,1,"") | Y71: =IF(#REF!=$X$3,1,"") -> #REF! | Z71: =IF(F71=$Z$3,1,"") | AA71: =IF(F71=$AA$3,1,"") | AB71: =IF(F71=$AB$3,1,"") | AC71: =IF(F71=$AC$3,1,"") | AD71: =IF(F71=$AE$3,1,"")
A72: =IF(B72="","",A71+1) -> 66 | B72: Berjaya City Sdn. Bhd. | C72: =IF(B72="","","vs") -> vs | D72: MDHS | E72: 2012 | F72: BERSETUJU | M72: =IF(D72=$M$3,1,"") | N72: =IF(D72=$N$3,1,"") | O72: =IF(D72=$O$3,1,"") | P72: =IF(D72=$P$3,1,"") | Q72: =IF(D72=$Q$3,1,"") | R72: =IF(D72=$R$3,1,"") | S72: =IF(D72=$S$3,1,"") | T72: =IF(D72=$T$3,1,"") | U72: =IF(D72=$U$3,1,"") | V72: =IF(D72=$V$3,1,"") | W72: =IF(D72=$W$3,1,"") | X72: =IF(D72=$X$3,1,"") | Y72: =IF(#REF!=$X$3,1,"") -> #REF! | Z72: =IF(F72=$Z$3,1,"") | AA72: =IF(F72=$AA$3,1,"") | AB72: =IF(F72=$AB$3,1,"") | AC72: =IF(F72=$AC$3,1,"") | AD72: =IF(F72=$AE$3,1,"")
A73: =IF(B73="","",A72+1) -> 67 | B73: Elite Harmony Development Sdn. Bhd. (Peridot Dev) | C73: =IF(B73="","","vs") -> vs | D73: MPAJ | E73: 2012 | F73: BERSETUJU | H73: Permohonan Kebenaran Merancang Pelan Susunatur Skim Perumahan Komuniti Berpagar Di Bawah Seksyen 6 (1A ) Akta Hakmilik Strata 1985 (Akta 318) Bagi Cadangan Pembangunan Perumahan Yang Mengandungi 29 unit rumah berangkai ( Link Houses ) dan 1 unit rumah sesebuah serta tukar Syarat Tanah Daripada Pertanian Kepada Kediaman Secara Serentak Di bawah seksyen 204A ( Kanun Tanah Negara ) Di Atas Lot 1375, Mukim Ulu Kelang, Daerah Gombak, Selangor Darul Ehsan. | M73: =IF(D73=$M$3,1,"") | N73: =IF(D73=$N$3,1,"") -> 1 | O73: =IF(D73=$O$3,1,"") | P73: =IF(D73=$P$3,1,"") | Q73: =IF(D73=$Q$3,1,"") | R73: =IF(D73=$R$3,1,"") | S73: =IF(D73=$S$3,1,"") | T73: =IF(D73=$T$3,1,"") | U73: =IF(D73=$U$3,1,"") | V73: =IF(D73=$V$3,1,"") | W73: =IF(D73=$W$3,1,"") | X73: =IF(D73=$X$3,1,"") | Y73: =IF(#REF!=$X$3,1,"") -> #REF! | Z73: =IF(F73=$Z$3,1,"") | AA73: =IF(F73=$AA$3,1,"") | AB73: =IF(F73=$AB$3,1,"") | AC73: =IF(F73=$AC$3,1,"") | AD73: =IF(F73=$AE$3,1,"")
A74: =IF(B74="","",A73+1) -> 68 | B74: Noble Land Development Sdn. Bhd. | C74: =IF(B74="","","vs") -> vs | D74: MBPJ | E74: 2012 | F74: BERSETUJU | H74: Permohonan Kebenaran Merancang Bagi Tujuan Penyerahan Dan Pemberimilikan Semula Tanah Di Bawah Seksyen 204D, Kanun Tanah Negara Serentak Dengan Cadangan Pembangunan Skim Perumahan 19 Unit Rumah Sesebuah 2 ½ Tingkat Beserta Satu Unit Dewan Komuniti Di Bawah Satu Badan Pengurusan, ( SeksyeN 6, Akta Hakmilik Strata 1985, Act 318) Di Atas PT 12822 ( Lot 1005), PT 323 (Lot 1047), PT 324 ( Lot 233) Dan PT 325 ( Lot232 ) Jalan 5/69, Seksyen 5, Bandar Petaling Jaya, Daerah Petaling, Selangor Darul Ehsan. | M74: =IF(D74=$M$3,1,"") | N74: =IF(D74=$N$3,1,"") | O74: =IF(D74=$O$3,1,"") | P74: =IF(D74=$P$3,1,"") -> 1 | Q74: =IF(D74=$Q$3,1,"") | R74: =IF(D74=$R$3,1,"") | S74: =IF(D74=$S$3,1,"") | T74: =IF(D74=$T$3,1,"") | U74: =IF(D74=$U$3,1,"") | V74: =IF(D74=$V$3,1,"") | W74: =IF(D74=$W$3,1,"") | X74: =IF(D74=$X$3,1,"") | Y74: =IF(#REF!=$X$3,1,"") -> #REF! | Z74: =IF(F74=$Z$3,1,"") | AA74: =IF(F74=$AA$3,1,"") | AB74: =IF(F74=$AB$3,1,"") | AC74: =IF(F74=$AC$3,1,"") | AD74: =IF(F74=$AE$3,1,"")
A75: =IF(B75="","",A74+1) -> 69 | B75: Sime Darby Property Berhad | C75: =IF(B75="","","vs") -> vs | D75: MBSA | E75: 2012 | F75: BERSETUJU | H75: Permohonan Kebenaran Merancang Pindaan Pelan Susunatur Bagi Cadangan Pembangunan Perumahan Yang Terdiri Daripada 39 Unit Rumah Sesebuah Dan 36 Unit Rumah Berkembar Di Atas Lot PT 27830 HS(D) 271540 ( Fasa H1) Seluas 24.07 Ekar Dan Memindahkan 1 Unit Pencawang Elektrik Dari No. 25, Jalan Persiaran Metafasa ( Fasa H3 ) Ke Fasa H1, Denai Alam, Seksyen U16, Shah Alam, Mukim Bukit Raja, Daerah Petaling, Selangor Darul Ehsan | M75: =IF(D75=$M$3,1,"") | N75: =IF(D75=$N$3,1,"") | O75: =IF(D75=$O$3,1,"") | P75: =IF(D75=$P$3,1,"") | Q75: =IF(D75=$Q$3,1,"") | R75: =IF(D75=$R$3,1,"") -> 1 | S75: =IF(D75=$S$3,1,"") | T75: =IF(D75=$T$3,1,"") | U75: =IF(D75=$U$3,1,"") | V75: =IF(D75=$V$3,1,"") | W75: =IF(D75=$W$3,1,"") | X75: =IF(D75=$X$3,1,"") | Y75: =IF(#REF!=$X$3,1,"") -> #REF! | Z75: =IF(F75=$Z$3,1,"") | AA75: =IF(F75=$AA$3,1,"") | AB75: =IF(F75=$AB$3,1,"") | AC75: =IF(F75=$AC$3,1,"") | AD75: =IF(F75=$AE$3,1,"")
A76: =IF(B76="","",A75+1) -> 70 | B76: Superior Dignity Sdn. Bhd. | C76: =IF(B76="","","vs") -> vs | D76: MPAJ | E76: 2012 | F76: BERSETUJU | M76: =IF(D76=$M$3,1,"") | N76: =IF(D76=$N$3,1,"") -> 1 | O76: =IF(D76=$O$3,1,"") | P76: =IF(D76=$P$3,1,"") | Q76: =IF(D76=$Q$3,1,"") | R76: =IF(D76=$R$3,1,"") | S76: =IF(D76=$S$3,1,"") | T76: =IF(D76=$T$3,1,"") | U76: =IF(D76=$U$3,1,"") | V76: =IF(D76=$V$3,1,"") | W76: =IF(D76=$W$3,1,"") | X76: =IF(D76=$X$3,1,"") | Y76: =IF(#REF!=$X$3,1,"") -> #REF! | Z76: =IF(F76=$Z$3,1,"") | AA76: =IF(F76=$AA$3,1,"") | AB76: =IF(F76=$AB$3,1,"") | AC76: =IF(F76=$AC$3,1,"") | AD76: =IF(F76=$AE$3,1,"")
A77: =IF(B77="","",A76+1) -> 71 | B77: Spectacular Heights Sdn. Bhd. | C77: =IF(B77="","","vs") -> vs | D77: MPAJ | E77: 2012 | F77: BERSETUJU | H77: Permohonan Kebenaran Merancang Untuk Tujuan Penyerahan Balik Dan Pemberimilikan Semula Di Bawah Seksyen 204A, Kanun Tanah Negara (KTN) Bagi Pembangunan Skim ‘Gated Community’ Di Bawah Seksyen 6(1A) Akta 318 (Akta Hakmilik Strata 1985), 70 Unit Kondominium 17 Tingkat (Termasuk 3 Tingkat Podium Tempat Letak Kereta Dan Kemudahan-Kemudahan Berkaitan) Di Atas Lot 5, Seksyen 2, Jalan 2, Taman Seri Ukay, Mukim Ulu Kelang, Daerah Gombak Selangor Darul Ehsan. | M77: =IF(D77=$M$3,1,"") | N77: =IF(D77=$N$3,1,"") -> 1 | O77: =IF(D77=$O$3,1,"") | P77: =IF(D77=$P$3,1,"") | Q77: =IF(D77=$Q$3,1,"") | R77: =IF(D77=$R$3,1,"") | S77: =IF(D77=$S$3,1,"") | T77: =IF(D77=$T$3,1,"") | U77: =IF(D77=$U$3,1,"") | V77: =IF(D77=$V$3,1,"") | W77: =IF(D77=$W$3,1,"") | X77: =IF(D77=$X$3,1,"") | Y77: =IF(#REF!=$X$3,1,"") -> #REF! | Z77: =IF(F77=$Z$3,1,"") | AA77: =IF(F77=$AA$3,1,"") | AB77: =IF(F77=$AB$3,1,"") | AC77: =IF(F77=$AC$3,1,"") | AD77: =IF(F77=$AE$3,1,"")
A78: =IF(B78="","",A77+1) -> 72 | B78: Pinggir Mentari Sdn. Bhd. | C78: =IF(B78="","","vs") -> vs | D78: MPS | E78: 2012 | F78: BERSETUJU | G78: 05.10.2016 | H78: Cadangan Permohonan Pelan Susunatur Bagi Cadangan Pembangunan Perumahan, Rumah Kelab Dan Komersil Di atas Sebahagian Lot 18056 Dan Lot 1048, Mukim Rawang, Daerah Gombak, Selangor Darul Ehsan. | M78: =IF(D78=$M$3,1,"") | N78: =IF(D78=$N$3,1,"") | O78: =IF(D78=$O$3,1,"") | P78: =IF(D78=$P$3,1,"") | Q78: =IF(D78=$Q$3,1,"") | R78: =IF(D78=$R$3,1,"") | S78: =IF(D78=$S$3,1,"") | T78: =IF(D78=$T$3,1,"") | U78: =IF(D78=$U$3,1,"") -> 1 | V78: =IF(D78=$V$3,1,"") | W78: =IF(D78=$W$3,1,"") | X78: =IF(D78=$X$3,1,"") | Y78: =IF(#REF!=$X$3,1,"") -> #REF! | Z78: =IF(F78=$Z$3,1,"") | AA78: =IF(F78=$AA$3,1,"") | AB78: =IF(F78=$AB$3,1,"") | AC78: =IF(F78=$AC$3,1,"") | AD78: =IF(F78=$AE$3,1,"")
A79: =IF(B79="","",A78+1) -> 73 | B79: Marvelane Home Sdn. Bhd. | C79: =IF(B79="","","vs") -> vs | D79: MPSJ | E79: 2012 | F79: BERSETUJU | H79: Cadangan Pembangunan Perumahan Di Atas Lot 1086, 1088 Dan 1103 Di Putra Heights, Mukim damansara, Daerah Petaling, Selangor Darul Ehsan. | M79: =IF(D79=$M$3,1,"") | N79: =IF(D79=$N$3,1,"") | O79: =IF(D79=$O$3,1,"") | P79: =IF(D79=$P$3,1,"") | Q79: =IF(D79=$Q$3,1,"") | R79: =IF(D79=$R$3,1,"") | S79: =IF(D79=$S$3,1,"") | T79: =IF(D79=$T$3,1,"") | U79: =IF(D79=$U$3,1,"") | V79: =IF(D79=$V$3,1,"") | W79: =IF(D79=$W$3,1,"") | X79: =IF(D79=$X$3,1,"") | Y79: =IF(#REF!=$X$3,1,"") -> #REF! | Z79: =IF(F79=$Z$3,1,"") | AA79: =IF(F79=$AA$3,1,"") | AB79: =IF(F79=$AB$3,1,"") | AC79: =IF(F79=$AC$3,1,"") | AD79: =IF(F79=$AE$3,1,"")
A80: =IF(B80="","",A79+1) -> 74 | B80: Pembangunan Rasa Selesa Sdn. Bhd. | C80: =IF(B80="","","vs") -> vs | D80: MPKj | E80: 2012 | F80: BERSETUJU | H80: Perrmohonan Kebenaran Merancang Mengikut Seksyen 21 Akta 172 Bagi Tujuan Tukar Syarat Dan Pecah Sempadan Secara Serentak Di Bawah Seksyen 124-A Kanun Tanah Negara Bagi Cadangan Pembangunan 136 Unit Garden Villa Yang Mempunyai 30 Unit Jenis A (4 Tingkat) 82 Unit Jenis B (4 Tingkat) dan 24 Unit Jenis C (5 Tingkat) Di Atas Lot 1527 (GM 1112) Mukim Cheras, Daerah Hulu Langat, Selangor Darul Ehsan. | M80: =IF(D80=$M$3,1,"") | N80: =IF(D80=$N$3,1,"") | O80: =IF(D80=$O$3,1,"") | P80: =IF(D80=$P$3,1,"") | Q80: =IF(D80=$Q$3,1,"") | R80: =IF(D80=$R$3,1,"") | S80: =IF(D80=$S$3,1,"") | T80: =IF(D80=$T$3,1,"") -> 1 | U80: =IF(D80=$U$3,1,"") | V80: =IF(D80=$V$3,1,"") | W80: =IF(D80=$W$3,1,"") | X80: =IF(D80=$X$3,1,"") | Y80: =IF(#REF!=$X$3,1,"") -> #REF! | Z80: =IF(F80=$Z$3,1,"") | AA80: =IF(F80=$AA$3,1,"") | AB80: =IF(F80=$AB$3,1,"") | AC80: =IF(F80=$AC$3,1,"") | AD80: =IF(F80=$AE$3,1,"")
A81: =IF(B81="","",A80+1) -> 75 | B81: UEM Land Berhad | C81: =IF(B81="","","vs") -> vs | D81: MPKj | E81: 2012 | F81: BERSETUJU | H81: Permohonan Kebenaran Merancang Secara Serah Balik Dan Kurnia Semula Di Bawah Seksyen 204A KTN Di Atas Lot 18370 ( PT 21628 ) Seluas 448.61 Ekar, Mukim Semenyih, Daerah Hulu Langat, Selangor Darul Ehsan. | M81: =IF(D81=$M$3,1,"") | N81: =IF(D81=$N$3,1,"") | O81: =IF(D81=$O$3,1,"") | P81: =IF(D81=$P$3,1,"") | Q81: =IF(D81=$Q$3,1,"") | R81: =IF(D81=$R$3,1,"") | S81: =IF(D81=$S$3,1,"") | T81: =IF(D81=$T$3,1,"") -> 1 | U81: =IF(D81=$U$3,1,"") | V81: =IF(D81=$V$3,1,"") | W81: =IF(D81=$W$3,1,"") | X81: =IF(D81=$X$3,1,"") | Y81: =IF(#REF!=$X$3,1,"") -> #REF! | Z81: =IF(F81=$Z$3,1,"") | AA81: =IF(F81=$AA$3,1,"") | AB81: =IF(F81=$AB$3,1,"") | AC81: =IF(F81=$AC$3,1,"") | AD81: =IF(F81=$AE$3,1,"")
A82: =IF(B82="","",A81+1) -> 76 | B82: Tetuan : Pangkat Unggul Sdn. Bhd. | C82: =IF(B82="","","vs") -> vs | D82: MPKj | E82: 2013 | F82: BERSETUJU | G82: bil 3/2013 1/3/2013 | H82: Permohonan Kebenaran Merancang Bagi Tukar Syarat Kategori Kegunaan Tanah Daripada Pertanian Kepada Bangunan dan Ttukar Syarat Nyata Daripada Tanaman Getah Kepada Bangunan Kediaman Di bawah Seksyen 124 (1) (a) & (c) (KTN), Di atas Lot 1098, Mukim Cheras, Daerah Hulu Langat, Selangor Darul Ehsan. | M82: =IF(D82=$M$3,1,"") | N82: =IF(D82=$N$3,1,"") | O82: =IF(D82=$O$3,1,"") | P82: =IF(D82=$P$3,1,"") | Q82: =IF(D82=$Q$3,1,"") | R82: =IF(D82=$R$3,1,"") | S82: =IF(D82=$S$3,1,"") | T82: =IF(D82=$T$3,1,"") -> 1 | U82: =IF(D82=$U$3,1,"") | V82: =IF(D82=$V$3,1,"") | W82: =IF(D82=$W$3,1,"") | X82: =IF(D82=$X$3,1,"") | Y82: =IF(#REF!=$X$3,1,"") -> #REF! | Z82: =IF(F82=$Z$3,1,"") | AA82: =IF(F82=$AA$3,1,"") | AB82: =IF(F82=$AB$3,1,"") | AC82: =IF(F82=$AC$3,1,"") | AD82: =IF(F82=$AE$3,1,"")
A83: =IF(B83="","",A82+1) -> 77 | B83: Tetuan : Kajang Resources Corp. Sdn. Bhd. | C83: =IF(B83="","","vs") -> vs | D83: MPKj | E83: 2013 | F83: BERSETUJU | H83: Permohonan Kebenaran Merancang Pelan Sususnatur Secara Serah Balik Dan Berimilik Semula Mengikut Seksyen 197 & 76 Kanun Tanah Negara Di Atas lot 2120, 2121, 2122, 2217, 2230, 2231, 2822, 2823, PT 10952, PT 10953 Dan Sebahagian Tanah Kerajaan, Mukim Semenyih, Daerah Hulu langat, Selangor Darul Ehsan. | M83: =IF(D83=$M$3,1,"") | N83: =IF(D83=$N$3,1,"") | O83: =IF(D83=$O$3,1,"") | P83: =IF(D83=$P$3,1,"") | Q83: =IF(D83=$Q$3,1,"") | R83: =IF(D83=$R$3,1,"") | S83: =IF(D83=$S$3,1,"") | T83: =IF(D83=$T$3,1,"") -> 1 | U83: =IF(D83=$U$3,1,"") | V83: =IF(D83=$V$3,1,"") | W83: =IF(D83=$W$3,1,"") | X83: =IF(D83=$X$3,1,"") | Y83: =IF(#REF!=$X$3,1,"") -> #REF! | Z83: =IF(F83=$Z$3,1,"") | AA83: =IF(F83=$AA$3,1,"") | AB83: =IF(F83=$AB$3,1,"") | AC83: =IF(F83=$AC$3,1,"") | AD83: =IF(F83=$AE$3,1,"")
A84: =IF(B84="","",A83+1) -> 78 | B84: Puan Rahmah Binti Dato' Hj. Abdul Rahman | C84: =IF(B84="","","vs") -> vs | D84: MPAJ | E84: 2013 | F84: DITOLAK | H84: Permohonan Mendapatkan Kelulusan Daripada Jawatankuasa Teknikal Pembangunan Kawasan Sensitif Alam Sekitar (JKTPKSAS) Negeri Selangor Ke Atas Permohonan Kebenaran Merancang Bagi Mendirikan Sebuah Rumah Kediaman 3 Tingkat Di Atas Lot 21582 (PT 3148 Seksyen 2), Jalan 14/3, Taman Tun Abdul Razak, Bandar Ulu Klang, Daerah Gombak, Selangor Darul Ehsan. | M84: =IF(D84=$M$3,1,"") | N84: =IF(D84=$N$3,1,"") -> 1 | O84: =IF(D84=$O$3,1,"") | P84: =IF(D84=$P$3,1,"") | Q84: =IF(D84=$Q$3,1,"") | R84: =IF(D84=$R$3,1,"") | S84: =IF(D84=$S$3,1,"") | T84: =IF(D84=$T$3,1,"") | U84: =IF(D84=$U$3,1,"") | V84: =IF(D84=$V$3,1,"") | W84: =IF(D84=$W$3,1,"") | X84: =IF(D84=$X$3,1,"") | Y84: =IF(#REF!=$X$3,1,"") -> #REF! | Z84: =IF(F84=$Z$3,1,"") | AA84: =IF(F84=$AA$3,1,"") | AB84: =IF(F84=$AB$3,1,"") | AC84: =IF(F84=$AC$3,1,"") | AD84: =IF(F84=$AE$3,1,"")
A85: =IF(B85="","",A84+1) -> 79 | B85: Tetuan : Gapadu Harta Sdn. Bhd. | C85: =IF(B85="","","vs") -> vs | D85: MPAJ | E85: 2013 | F85: BERSETUJU | H85: Permohonan Kebenaran Merancang Secara Serentak Bagi Cadangan Pelan Tatatur Perumahan Untuk Tujuan Penyerahan Dan Pemberimilikan Semula Tanah Di Bawah Seksyen 197/76 Kanun Tanah Negara Di Atas Lot Pt 3902 Hingga Lot Pt 4062 (Semuanya 161 Lot Seluas 32.54 Ekar) Dan Sebahagian Tanah Kerajaan (23.47 Ekar) Di Seksyen 2, Bandar Ulu Kelang, Daerah Gombak, Selangor Darul Ehsan. | M85: =IF(D85=$M$3,1,"") | N85: =IF(D85=$N$3,1,"") -> 1 | O85: =IF(D85=$O$3,1,"") | P85: =IF(D85=$P$3,1,"") | Q85: =IF(D85=$Q$3,1,"") | R85: =IF(D85=$R$3,1,"") | S85: =IF(D85=$S$3,1,"") | T85: =IF(D85=$T$3,1,"") | U85: =IF(D85=$U$3,1,"") | V85: =IF(D85=$V$3,1,"") | W85: =IF(D85=$W$3,1,"") | X85: =IF(D85=$X$3,1,"") | Y85: =IF(#REF!=$X$3,1,"") -> #REF! | Z85: =IF(F85=$Z$3,1,"") | AA85: =IF(F85=$AA$3,1,"") | AB85: =IF(F85=$AB$3,1,"") | AC85: =IF(F85=$AC$3,1,"") | AD85: =IF(F85=$AE$3,1,"")
A86: =IF(B86="","",A85+1) -> 80 | B86: Tetuan : Riverside Hills Sdn. Bhd. | C86: =IF(B86="","","vs") -> vs | D86: MPKj | E86: 2013 | F86: BERSETUJU | H86: Permohonan Kebenaran Merancang Untuk Tujuan Serahbalik Dan Berimilik Semula Tanah Di Bawah Seksyen 204b, Kanun Tanah Negara (Ktn) Daripada Tiada Kepada Bangunan Bagi Cadangan Pembangunan Bercampur Dan Perniagaan, Di Atas Lot 35, Lot 1252 Dan Sebahagian Lot 1365, Mukim Beranang, Daerah Hulu Langat, Selangor Darul Ehsan. | M86: =IF(D86=$M$3,1,"") | N86: =IF(D86=$N$3,1,"") | O86: =IF(D86=$O$3,1,"") | P86: =IF(D86=$P$3,1,"") | Q86: =IF(D86=$Q$3,1,"") | R86: =IF(D86=$R$3,1,"") | S86: =IF(D86=$S$3,1,"") | T86: =IF(D86=$T$3,1,"") -> 1 | U86: =IF(D86=$U$3,1,"") | V86: =IF(D86=$V$3,1,"") | W86: =IF(D86=$W$3,1,"") | X86: =IF(D86=$X$3,1,"") | Y86: =IF(#REF!=$X$3,1,"") -> #REF! | Z86: =IF(F86=$Z$3,1,"") | AA86: =IF(F86=$AA$3,1,"") | AB86: =IF(F86=$AB$3,1,"") | AC86: =IF(F86=$AC$3,1,"") | AD86: =IF(F86=$AE$3,1,"")
A87: =IF(B87="","",A86+1) -> 81 | B87: Tetuan : Permodalan Negeri selangor Berhad | C87: =IF(B87="","","vs") -> vs | D87: MPKj | E87: 2013 | F87: DITANGGUHKAN | H87: Permohonan Kebenaran Merancang Bagi Cadangan Pindaan Ke Atas Pelan Susunatur Yang Telah Diluluskan Mpkj/Pb/Km/178.2001 Tarikh 31.3.2003 Untuk Tujuan Serahbalik Tanah Di Bawah Seksyen 197 Dan Berimilik Semula Tanah Di Bawah Seksyen 76 Ktn Bagi Cadangan Pembangunan Perumahan Bercampur Di Atas Pt 16442-16461, Pt 16462-16481, Pt 16482-16501, Pt 16502-16521, Pt 16522-16541, Pt 16542-16562, Pt 16563-16582, Pt 16583-16602, Pt 16603-16622, Pt 16623-16642, Pt 16643-16662, Pt 16663-16682, Pt 16683-16702, Pt 16703-16722, Pt 16723-16742, Pt 16743-16762, Pt 16763-16782, Pt 16783-16802, Pt 16803-16820 Dan Sebahagian Lot 1906, Mukim Semenyih, Daerah Hulu Langat, Selangor Darul Ehsan. | M87: =IF(D87=$M$3,1,"") | N87: =IF(D87=$N$3,1,"") | O87: =IF(D87=$O$3,1,"") | P87: =IF(D87=$P$3,1,"") | Q87: =IF(D87=$Q$3,1,"") | R87: =IF(D87=$R$3,1,"") | S87: =IF(D87=$S$3,1,"") | T87: =IF(D87=$T$3,1,"") -> 1 | U87: =IF(D87=$U$3,1,"") | V87: =IF(D87=$V$3,1,"") | W87: =IF(D87=$W$3,1,"") | X87: =IF(D87=$X$3,1,"") | Y87: =IF(#REF!=$X$3,1,"") -> #REF! | Z87: =IF(F87=$Z$3,1,"") | AA87: =IF(F87=$AA$3,1,"") | AB87: =IF(F87=$AB$3,1,"") | AC87: =IF(F87=$AC$3,1,"") | AD87: =IF(F87=$AE$3,1,"")
A88: =IF(B88="","",A87+1) -> 82 | B88: Tetuan : Kajang Tropicana Heights | C88: =IF(B88="","","vs") -> vs | D88: MPKj | E88: 2013 | F88: BERSETUJU | H88: Permohonan Kebenaran Merancang Bagi Tujuan Serah Balik dan Pemberimilikan Semula Tanah Di Bawah Seksyen 204B Kanun Tanah Negara (KTN) daripada Padang Golf & Perniagaan Kepada Pembangunan Bercampur (Bangunan Perniagaan dan Kediaman) di atas Lot PT 14536, PT 14537, PT 14533 Bandar Batu 18 Semenyih dan Lot 32 & Lot 1258, Mukim Semenyih, Daerah Hulu Langat, Selangor. | M88: =IF(D88=$M$3,1,"") | N88: =IF(D88=$N$3,1,"") | O88: =IF(D88=$O$3,1,"") | P88: =IF(D88=$P$3,1,"") | Q88: =IF(D88=$Q$3,1,"") | R88: =IF(D88=$R$3,1,"") | S88: =IF(D88=$S$3,1,"") | T88: =IF(D88=$T$3,1,"") -> 1 | U88: =IF(D88=$U$3,1,"") | V88: =IF(D88=$V$3,1,"") | W88: =IF(D88=$W$3,1,"") | X88: =IF(D88=$X$3,1,"") | Y88: =IF(#REF!=$X$3,1,"") -> #REF! | Z88: =IF(F88=$Z$3,1,"") | AA88: =IF(F88=$AA$3,1,"") | AB88: =IF(F88=$AB$3,1,"") | AC88: =IF(F88=$AC$3,1,"") | AD88: =IF(F88=$AE$3,1,"")
A89: =IF(B89="","",A88+1) -> 83 | B89: Pemilik Tanah : Perbadanan Kemajuan Pertanian Selangor Pemaju Tanah : Tetuan Malaysia Botanical Gardens Resort Sdn. Bhd. | C89: =IF(B89="","","vs") -> vs | D89: MDHS | E89: 2013 | F89: DITOLAK | H89: Cadangan Pembangunan Sebuah Resort Peranginan Di Atas Tapak Seluas 12.48 Ekar Serta Taman Botani Di Atas Tapak Seluas 183.92 Ekar Di Atas Lot 8993 (PT 2910) Seluas 201.91 Ekar, Mukim Batang Kali, Daerah Hulu Selangor, Selangor Darul Ehsan. | M89: =IF(D89=$M$3,1,"") | N89: =IF(D89=$N$3,1,"") | O89: =IF(D89=$O$3,1,"") | P89: =IF(D89=$P$3,1,"") | Q89: =IF(D89=$Q$3,1,"") | R89: =IF(D89=$R$3,1,"") | S89: =IF(D89=$S$3,1,"") | T89: =IF(D89=$T$3,1,"") | U89: =IF(D89=$U$3,1,"") | V89: =IF(D89=$V$3,1,"") | W89: =IF(D89=$W$3,1,"") | X89: =IF(D89=$X$3,1,"") | Y89: =IF(#REF!=$X$3,1,"") -> #REF! | Z89: =IF(F89=$Z$3,1,"") | AA89: =IF(F89=$AA$3,1,"") | AB89: =IF(F89=$AB$3,1,"") | AC89: =IF(F89=$AC$3,1,"") | AD89: =IF(F89=$AE$3,1,"")
A90: =IF(B90="","",A89+1) -> 84 | B90: Tetuan : Reliance Project Development Sdn. Bhd. | C90: =IF(B90="","","vs") -> vs | D90: MPKj | E90: 2013 | F90: DITANGGUHKAN | H90: Permohonan Kebenaran Merancang Bagi Tujuan Tukar Syarat & Pecah Sempadan Serentak Daripada Pertanian Kepada Perumahan Di Bawah Seksyen 124a Kanun Tanah Negara (Ktn) Bagi Cadangan Pembangunan Pangsapuri Di Atas Lot 1435, Mukim Cheras, Daerah Hulu Langat, Selangor Darul Ehsan. | M90: =IF(D90=$M$3,1,"") | N90: =IF(D90=$N$3,1,"") | O90: =IF(D90=$O$3,1,"") | P90: =IF(D90=$P$3,1,"") | Q90: =IF(D90=$Q$3,1,"") | R90: =IF(D90=$R$3,1,"") | S90: =IF(D90=$S$3,1,"") | T90: =IF(D90=$T$3,1,"") -> 1 | U90: =IF(D90=$U$3,1,"") | V90: =IF(D90=$V$3,1,"") | W90: =IF(D90=$W$3,1,"") | X90: =IF(D90=$X$3,1,"") | Y90: =IF(#REF!=$X$3,1,"") -> #REF! | Z90: =IF(F90=$Z$3,1,"") | AA90: =IF(F90=$AA$3,1,"") | AB90: =IF(F90=$AB$3,1,"") | AC90: =IF(F90=$AC$3,1,"") | AD90: =IF(F90=$AE$3,1,"")
A91: =IF(B91="","",A90+1) -> 85 | B91: Tetuan : Tristar Acres Sdn. Bhd. | C91: =IF(B91="","","vs") -> vs | D91: MPSpg | E91: 2013 | F91: BERSETUJU | G91: bil 7/2013 | H91: Permohonan Kebenaran Merancang Cadangan Pembangunan Berstrata Di Bawah Akta Hakmilik Strata 1985 Serentak Dengan Permohonan Serah Balik Dan Kurnia Semula Tanah Di Bawah Seksyen 197 Dan 76, Ktn 1965 Di Atas Lot 1780, Lot 2009, Lot 2010, Lot 1541, Lot 1125 (Lot Baru Lot 6455, Lot 6458, Lot 6460 Dan Lot 6462), Lot 1511, Lot 1108, Lot 1109, Lot 1107 (Lot Baru Lot 6452 Dan Lot 6453) Dan Lot 2017, Kampung Sungai Buah, Mukim Dengkil, Daerah Sepang, Selangor Darul Ehsan. | M91: =IF(D91=$M$3,1,"") | N91: =IF(D91=$N$3,1,"") | O91: =IF(D91=$O$3,1,"") | P91: =IF(D91=$P$3,1,"") | Q91: =IF(D91=$Q$3,1,"") | R91: =IF(D91=$R$3,1,"") | S91: =IF(D91=$S$3,1,"") | T91: =IF(D91=$T$3,1,"") | U91: =IF(D91=$U$3,1,"") | V91: =IF(D91=$V$3,1,"") | W91: =IF(D91=$W$3,1,"") -> 1 | X91: =IF(D91=$X$3,1,"") | Y91: =IF(#REF!=$X$3,1,"") -> #REF! | Z91: =IF(F91=$Z$3,1,"") | AA91: =IF(F91=$AA$3,1,"") | AB91: =IF(F91=$AB$3,1,"") | AC91: =IF(F91=$AC$3,1,"") | AD91: =IF(F91=$AE$3,1,"")
A92: =IF(B92="","",A91+1) -> 86 | B92: Tetuan : MDS Ventures Sdn. Bhd.(Lot 577 & 578) | C92: =IF(B92="","","vs") -> vs | D92: MBPJ | E92: 2013 | F92: BERSETUJU | H92: Permohonan Kebenaran Merancang Bagi Tujuan Serah Balik Kurnia Semula Di Bawah Sesyen 204b Kanun Tanah Negara Untuk Pembangunan 4 Unit Rumah Sesebuah (2 Tingkat Dan 1 Tingkat Separa Bawah Tanah) Di Atas Lot 577 Dan Lot 578 Jalan 5/66, Mukim Bandar Petaling Jaya Daerah Petaling, Selangor Darul Ehsan. | M92: =IF(D92=$M$3,1,"") | N92: =IF(D92=$N$3,1,"") | O92: =IF(D92=$O$3,1,"") | P92: =IF(D92=$P$3,1,"") -> 1 | Q92: =IF(D92=$Q$3,1,"") | R92: =IF(D92=$R$3,1,"") | S92: =IF(D92=$S$3,1,"") | T92: =IF(D92=$T$3,1,"") | U92: =IF(D92=$U$3,1,"") | V92: =IF(D92=$V$3,1,"") | W92: =IF(D92=$W$3,1,"") | X92: =IF(D92=$X$3,1,"") | Y92: =IF(#REF!=$X$3,1,"") -> #REF! | Z92: =IF(F92=$Z$3,1,"") | AA92: =IF(F92=$AA$3,1,"") | AB92: =IF(F92=$AB$3,1,"") | AC92: =IF(F92=$AC$3,1,"") | AD92: =IF(F92=$AE$3,1,"")
A93: =IF(B93="","",A92+1) -> 87 | B93: Tetuan : Dr. N. Krishna Moorty A/L S.A Navaratnam | C93: =IF(B93="","","vs") -> vs | D93: MBPJ | E93: 2013 | F93: BERSETUJU | H93: Permohonan Kebenaran Merancang Bagi Cadangan Membina Sebuah Rumah Sesebuah 3 Tingkat Dengan 2 Aras Bawah Tanah Di Atas Lot PT 48 (N0 11) Jalan 16/9, Seksyen 16, Petaling Jaya, Mukim Bandar Petaling Jaya, Daerah Petaling, Selangor Darul Ehsan. | M93: =IF(D93=$M$3,1,"") | N93: =IF(D93=$N$3,1,"") | O93: =IF(D93=$O$3,1,"") | P93: =IF(D93=$P$3,1,"") -> 1 | Q93: =IF(D93=$Q$3,1,"") | R93: =IF(D93=$R$3,1,"") | S93: =IF(D93=$S$3,1,"") | T93: =IF(D93=$T$3,1,"") | U93: =IF(D93=$U$3,1,"") | V93: =IF(D93=$V$3,1,"") | W93: =IF(D93=$W$3,1,"") | X93: =IF(D93=$X$3,1,"") | Y93: =IF(#REF!=$X$3,1,"") -> #REF! | Z93: =IF(F93=$Z$3,1,"") | AA93: =IF(F93=$AA$3,1,"") | AB93: =IF(F93=$AB$3,1,"") | AC93: =IF(F93=$AC$3,1,"") | AD93: =IF(F93=$AE$3,1,"")
A94: =IF(B94="","",A93+1) -> 88 | B94: Tetuan : Tebing Murni Sdn. Bhd. | C94: =IF(B94="","","vs") -> vs | D94: MPKj | E94: 2013 | F94: BERSETUJU | G94: bil 3/2014 | H94: Permohonan Kebenaran Merancang Bagi Pembangunan (Apartment Dan Town Villa) Di Atas Lot PT 76295, Mukim Kajang, Daerah Hulu Langat, Selangor Darul Ehsan. | M94: =IF(D94=$M$3,1,"") | N94: =IF(D94=$N$3,1,"") | O94: =IF(D94=$O$3,1,"") | P94: =IF(D94=$P$3,1,"") | Q94: =IF(D94=$Q$3,1,"") | R94: =IF(D94=$R$3,1,"") | S94: =IF(D94=$S$3,1,"") | T94: =IF(D94=$T$3,1,"") -> 1 | U94: =IF(D94=$U$3,1,"") | V94: =IF(D94=$V$3,1,"") | W94: =IF(D94=$W$3,1,"") | X94: =IF(D94=$X$3,1,"") | Y94: =IF(#REF!=$X$3,1,"") -> #REF! | Z94: =IF(F94=$Z$3,1,"") | AA94: =IF(F94=$AA$3,1,"") | AB94: =IF(F94=$AB$3,1,"") | AC94: =IF(F94=$AC$3,1,"") | AD94: =IF(F94=$AE$3,1,"")
A95: =IF(B95="","",A94+1) -> 89 | B95: Tetuan : Segar Raya Development Sdn. Bhd. | C95: =IF(B95="","","vs") -> vs | D95: MPAJ | E95: 2013 | F95: DITANGGUHKAN | H95: Permohonan Kebenaran Merancang Bagi Cadangan Pembangunan Perumahan Di Atas Tanah Seluas 22.35 Ekar (Bersebelahan Taman Bukit Teratai), Mukim Ampang, Daerah Hulu Langat, Selangor Darul Ehsan. | M95: =IF(D95=$M$3,1,"") | N95: =IF(D95=$N$3,1,"") -> 1 | O95: =IF(D95=$O$3,1,"") | P95: =IF(D95=$P$3,1,"") | Q95: =IF(D95=$Q$3,1,"") | R95: =IF(D95=$R$3,1,"") | S95: =IF(D95=$S$3,1,"") | T95: =IF(D95=$T$3,1,"") | U95: =IF(D95=$U$3,1,"") | V95: =IF(D95=$V$3,1,"") | W95: =IF(D95=$W$3,1,"") | X95: =IF(D95=$X$3,1,"") | Y95: =IF(#REF!=$X$3,1,"") -> #REF! | Z95: =IF(F95=$Z$3,1,"") | AA95: =IF(F95=$AA$3,1,"") | AB95: =IF(F95=$AB$3,1,"") | AC95: =IF(F95=$AC$3,1,"") | AD95: =IF(F95=$AE$3,1,"")
A96: =IF(B96="","",A95+1) -> 90 | B96: Tetuan : Chantelle Heights Sdn. Bhd. | C96: =IF(B96="","","vs") -> vs | D96: MPS | E96: 2013 | F96: TARIK DIRI | H96: Permohonan Kebenaran Merancang Bagi Cadangan Pembangunan Perumahan Di Atas Plot D & E, Mukim Rawang, Daerah Gombak, Selangor Darul Ehsan. | M96: =IF(D96=$M$3,1,"") | N96: =IF(D96=$N$3,1,"") | O96: =IF(D96=$O$3,1,"") | P96: =IF(D96=$P$3,1,"") | Q96: =IF(D96=$Q$3,1,"") | R96: =IF(D96=$R$3,1,"") | S96: =IF(D96=$S$3,1,"") | T96: =IF(D96=$T$3,1,"") | U96: =IF(D96=$U$3,1,"") -> 1 | V96: =IF(D96=$V$3,1,"") | W96: =IF(D96=$W$3,1,"") | X96: =IF(D96=$X$3,1,"") | Y96: =IF(#REF!=$X$3,1,"") -> #REF! | Z96: =IF(F96=$Z$3,1,"") | AA96: =IF(F96=$AA$3,1,"") | AB96: =IF(F96=$AB$3,1,"") | AC96: =IF(F96=$AC$3,1,"") | AD96: =IF(F96=$AE$3,1,"")
A97: =IF(B97="","",A96+1) -> 91 | B97: Tetuan : Pn. Rahmah Binti Abdul Rahim | C97: =IF(B97="","","vs") -> vs | D97: MPAJ | E97: 2013 | F97: BERSETUJU | H97: Permohonan Mendapatkan Kelulusan Daripada Jawatankuasa Teknikal Pembangunan Kawasan Sensitif Alam Sekitar (JKTPKSAS) Negeri Selangor Ke Atas Permohonan Kebenaran Merancang Bagi Mendirikan Sebuah Rumah Kediaman 3 Tingkat Di Atas Lot 21582 (PT 3148 Seksyen 2), Jalan 14/3, Taman Tun Abdul Razak, Bandar Ulu Klang, Daerah Gombak, Selangor Darul Ehsan. | M97: =IF(D97=$M$3,1,"") | N97: =IF(D97=$N$3,1,"") -> 1 | O97: =IF(D97=$O$3,1,"") | P97: =IF(D97=$P$3,1,"") | Q97: =IF(D97=$Q$3,1,"") | R97: =IF(D97=$R$3,1,"") | S97: =IF(D97=$S$3,1,"") | T97: =IF(D97=$T$3,1,"") | U97: =IF(D97=$U$3,1,"") | V97: =IF(D97=$V$3,1,"") | W97: =IF(D97=$W$3,1,"") | X97: =IF(D97=$X$3,1,"") | Y97: =IF(#REF!=$X$3,1,"") -> #REF! | Z97: =IF(F97=$Z$3,1,"") | AA97: =IF(F97=$AA$3,1,"") | AB97: =IF(F97=$AB$3,1,"") | AC97: =IF(F97=$AC$3,1,"") | AD97: =IF(F97=$AE$3,1,"")
A98: =IF(B98="","",A97+1) -> 92 | B98: Tetuan : Perbadanan Kemajuan Pertanian Selangor | C98: =IF(B98="","","vs") -> vs | D98: MDHS | E98: 2013 | F98: BERSETUJU | H98: Cadangan Pembangunan Sebuah Resort Peranginan Di Atas Tapak Seluas 12.48 Ekar Serta Taman Botani Di Atas Tapak Seluas 183.92 Ekar Di Atas Lot 8993 (PT 2910) Seluas 201.91 Ekar, Mukim Batang Kali, Daerah Hulu Selangor, Selangor Darul Ehsan. | M98: =IF(D98=$M$3,1,"") | N98: =IF(D98=$N$3,1,"") | O98: =IF(D98=$O$3,1,"") | P98: =IF(D98=$P$3,1,"") | Q98: =IF(D98=$Q$3,1,"") | R98: =IF(D98=$R$3,1,"") | S98: =IF(D98=$S$3,1,"") | T98: =IF(D98=$T$3,1,"") | U98: =IF(D98=$U$3,1,"") | V98: =IF(D98=$V$3,1,"") | W98: =IF(D98=$W$3,1,"") | X98: =IF(D98=$X$3,1,"") | Y98: =IF(#REF!=$X$3,1,"") -> #REF! | Z98: =IF(F98=$Z$3,1,"") | AA98: =IF(F98=$AA$3,1,"") | AB98: =IF(F98=$AB$3,1,"") | AC98: =IF(F98=$AC$3,1,"") | AD98: =IF(F98=$AE$3,1,"")
A99: =IF(B99="","",A98+1) -> 93 | B99: Tetuan : Sime Darby Ampar Tenang Sdn. Bhd. | C99: =IF(B99="","","vs") -> vs | D99: MPSpg | E99: 2013 | F99: BERSETUJU | H99: Permohonan Serentak Kebenaran Merancang Cadangan Pembangunan Bercampur Mengikut Seksyen 21, Akta 172 Melalui Serah Balik Dan Beri Milik Semula Tanah Di Bawah Seksyen 204D, Kanun Tanah Negara, Di Atas Lot-Lot 3859, 6919, 4960, 3173, 4639, 4705, 4641, 3726, 3895, 4640, 31484, 7718, 20996, 6172, 31485, 4217, 27977, 27999 Dan Sebahagian Tanah Kerajaan, Mukim Dengkil, Daerah Sepang, Selangor Darul Ehsan. | M99: =IF(D99=$M$3,1,"") | N99: =IF(D99=$N$3,1,"") | O99: =IF(D99=$O$3,1,"") | P99: =IF(D99=$P$3,1,"") | Q99: =IF(D99=$Q$3,1,"") | R99: =IF(D99=$R$3,1,"") | S99: =IF(D99=$S$3,1,"") | T99: =IF(D99=$T$3,1,"") | U99: =IF(D99=$U$3,1,"") | V99: =IF(D99=$V$3,1,"") | W99: =IF(D99=$W$3,1,"") -> 1 | X99: =IF(D99=$X$3,1,"") | Y99: =IF(#REF!=$X$3,1,"") -> #REF! | Z99: =IF(F99=$Z$3,1,"") | AA99: =IF(F99=$AA$3,1,"") | AB99: =IF(F99=$AB$3,1,"") | AC99: =IF(F99=$AC$3,1,"") | AD99: =IF(F99=$AE$3,1,"")
A100: =IF(B100="","",A99+1) -> 94 | B100: Tetuan Kuala Lumpur Metro (M) Sdn. Bhd. | C100: =IF(B100="","","vs") -> vs | D100: MPKj | E100: 2014 | F100: BERSETUJU | G100: bil 3/2014 | H100: Permohonan Pindaan Kebenaran Merancang Bagi Cadangan Penyerahan Balik Dan Pemberimilikan Semula Di Bawah Seksyen 204a, Kanun Tanah Negara 1965 Dan Pembangunan 160 Unit Rumah Sesebuah Strata Dan Sebuah Rumah Kelab Di Bawah Seksyen 6(1a) Akta 318 (Akta Hakmilik Strata 1985) Di Atas Lot 5717 & 1953, Mukim Kajang, Daerah Hulu Langat, Selangor Darul Ehsan. | M100: =IF(D100=$M$3,1,"") | N100: =IF(D100=$N$3,1,"") | O100: =IF(D100=$O$3,1,"") | P100: =IF(D100=$P$3,1,"") | Q100: =IF(D100=$Q$3,1,"") | R100: =IF(D100=$R$3,1,"") | S100: =IF(D100=$S$3,1,"") | T100: =IF(D100=$T$3,1,"") -> 1 | U100: =IF(D100=$U$3,1,"") | V100: =IF(D100=$V$3,1,"") | W100: =IF(D100=$W$3,1,"") | X100: =IF(D100=$X$3,1,"") | Y100: =IF(#REF!=$X$3,1,"") -> #REF! | Z100: =IF(F100=$Z$3,1,"") | AA100: =IF(F100=$AA$3,1,"") | AB100: =IF(F100=$AB$3,1,"") | AC100: =IF(F100=$AC$3,1,"") | AD100: =IF(F100=$AE$3,1,"")
A101: =IF(B101="","",A100+1) -> 95 | B101: Tetuan Ong Aun Kung | C101: =IF(B101="","","vs") -> vs | D101: MBPJ | E101: 2014 | F101: DITOLAK | H101: Permohonan Kebenaran Merancang Bagi Cadangan Membina Sebuah Rumah ( 2 Tingkat Dan 1 Tingkat Separa Bawah Tanah ) Di Atas Lot 560, Jalan 5/66, Mukim Bandar Petaling Jaya, Daerah Petaling, Selangor Darul Ehsan. | M101: =IF(D101=$M$3,1,"") | N101: =IF(D101=$N$3,1,"") | O101: =IF(D101=$O$3,1,"") | P101: =IF(D101=$P$3,1,"") -> 1 | Q101: =IF(D101=$Q$3,1,"") | R101: =IF(D101=$R$3,1,"") | S101: =IF(D101=$S$3,1,"") | T101: =IF(D101=$T$3,1,"") | U101: =IF(D101=$U$3,1,"") | V101: =IF(D101=$V$3,1,"") | W101: =IF(D101=$W$3,1,"") | X101: =IF(D101=$X$3,1,"") | Y101: =IF(#REF!=$X$3,1,"") -> #REF! | Z101: =IF(F101=$Z$3,1,"") | AA101: =IF(F101=$AA$3,1,"") | AB101: =IF(F101=$AB$3,1,"") | AC101: =IF(F101=$AC$3,1,"") | AD101: =IF(F101=$AE$3,1,"")
...

Sheet Sheet3
A1: JAWATANKUASA TEKNIKAL
A2: PEMBANGUNAN KAWASAN SENSITIF ALAM SEKITAR
A3: NEGERI SELANGOR
A5: BILANGAN PERMOHONAN 2010 - OKTOBER 2025
A7: TAHUN | B7: BIL PERMOHONAN | C7: BERSETUJU | D7: DITOLAK | E7: DITANGGUHKAN | F7: TARIK DIRI
A8: 2010 | B8: 24 | C8: 20 | D8: 0 | E8: 4 | F8: 0
A9: 2011 | B9: 37 | C9: 24 | D9: 9 | E9: 4 | F9: 0
A10: 2012 | B10: =COUNTIF(rekod!E6:E525,A10) -> 14 | C10: =COUNTIF(rekod!F68:F81,C7) -> 12 | D10: =COUNTIF(rekod!F68:F81,D7) -> 2 | E10: =COUNTIF(rekod!F68:F81,E7) -> 0 | F10: =COUNTIF(rekod!F68:F81,F7) -> 0
A11: 2013 | B11: =COUNTIF(rekod!E7:E526,A11) -> 18 | C11: =COUNTIF(rekod!F82:F99,C7) -> 12 | D11: =COUNTIF(rekod!F82:F99,D7) -> 2 | E11: =COUNTIF(rekod!F82:F99,E7) -> 3 | F11: =COUNTIF(rekod!F82:F99,F7) -> 1
A12: 2014 | B12: =COUNTIF(rekod!E8:E527,A12) -> 16 | C12: =COUNTIF(rekod!$F$100:$F$115,$C$7) -> 13 | D12: =COUNTIF(rekod!$F$100:$F$115,D$7) -> 2 | E12: =COUNTIF(rekod!$F$100:$F$115,E$7) -> 1 | F12: =COUNTIF(rekod!$F$100:$F$115,F$7) -> 0
A13: 2015 | B13: =COUNTIF(rekod!E9:E528,A13) -> 23 | C13: =COUNTIF(rekod!$F$116:$F$138,C$7) -> 20 | D13: =COUNTIF(rekod!$F$116:$F$138,D$7) -> 1 | E13: =COUNTIF(rekod!$F$116:$F$138,E$7) -> 2 | F13: =COUNTIF(rekod!$F$116:$F$138,F$7) -> 0
A14: 2016 | B14: =COUNTIF(rekod!E10:E529,A14) -> 9 | C14: =COUNTIF(rekod!$F$139:$F$147,C$7) -> 5 | D14: =COUNTIF(rekod!$F$139:$F$147,D$7) -> 0 | E14: =COUNTIF(rekod!$F$139:$F$147,E$7) -> 3 | F14: =COUNTIF(rekod!$F$139:$F$147,F$7) -> 1
A15: 2017 | B15: =COUNTIF(rekod!E11:E530,A15) -> 18 | C15: =COUNTIF(rekod!$F$148:$F$165,C$7) -> 16 | D15: =COUNTIF(rekod!$F$148:$F$165,D$7) -> 2 | E15: =COUNTIF(rekod!$F$148:$F$165,E$7) -> 0 | F15: =COUNTIF(rekod!$F$148:$F$165,F$7) -> 0
A16: 2018 | B16: =COUNTIF(rekod!E12:E531,A16) -> 19 | C16: =COUNTIF(rekod!$F$166:$F$184,C$7) -> 17 | D16: =COUNTIF(rekod!$F$166:$F$184,D$7) -> 0 | E16: =COUNTIF(rekod!$F$166:$F$184,E$7) -> 2 | F16: =COUNTIF(rekod!$F$166:$F$184,F$7) -> 0
A17: 2019 | B17: =COUNTIF(rekod!E13:E532,A17) -> 20 | C17: =COUNTIF(rekod!$F$185:$F$204,C$7) -> 17 | D17: =COUNTIF(rekod!$F$185:$F$204,D$7) -> 2 | E17: =COUNTIF(rekod!$F$185:$F$204,E$7) -> 1 | F17: =COUNTIF(rekod!$F$185:$F$204,F$7) -> 0
A18: 2020 | B18: =COUNTIF(rekod!E14:E533,A18) -> 10 | C18: =COUNTIF(rekod!$F$205:$F$214,C$7) -> 7 | D18: =COUNTIF(rekod!$F$205:$F$214,D$7) -> 3 | E18: =COUNTIF(rekod!$F$205:$F$214,E$7) -> 0 | F18: =COUNTIF(rekod!$F$205:$F$214,F$7) -> 0
A19: 2021 | B19: =COUNTIF(rekod!E15:E534,A19) -> 10 | C19: =COUNTIF(rekod!$F$215:$F$224,C$7) -> 9 | D19: =COUNTIF(rekod!$F$215:$F$224,D$7) -> 0 | E19: =COUNTIF(rekod!$F$215:$F$224,E$7) -> 1 | F19: =COUNTIF(rekod!$F$215:$F$224,F$7) -> 0
A20: 2022 | B20: =COUNTIF(rekod!E13:E532,A20) -> 24 | C20: =COUNTIF(rekod!$F$225:$F$249,C$7) -> 15 | D20: =COUNTIF(rekod!$F$225:$F$249,D$7) -> 9 | E20: =COUNTIF(rekod!$F$225:$F$249,E$7) -> 0 | F20: =COUNTIF(rekod!$F$225:$F$249,F$7) -> 0
A21: 2023 | B21: =COUNTIF(rekod!E14:E533,A21) -> 28 | C21: =COUNTIF(rekod!$F$250:$F$278,C$7) -> 24 | D21: =COUNTIF(rekod!$F$250:$F$278,D$7) -> 0 | E21: =COUNTIF(rekod!$F$250:$F$278,E$7) -> 3 | F21: =COUNTIF(rekod!$F$250:$F$278,F$7) -> 1
A22: 2024 | B22: =COUNTIF(rekod!E15:E534,A22) -> 34 | C22: =COUNTIF(rekod!$F$279:$F$314,C$7) -> 27 | D22: =COUNTIF(rekod!$F$279:$F$314,D$7) -> 6 | E22: =COUNTIF(rekod!$F$279:$F$314,E$7) -> 1 | F22: =COUNTIF(rekod!$F$279:$F$314,F$7) -> 0
A23: 2025 | B23: =COUNTIF(rekod!E16:E535,A23) -> 36 | C23: =COUNTIF(rekod!$F$315:$F$348,C$7) -> 24 | D23: =COUNTIF(rekod!$F$315:$F$348,D$7) -> 4 | E23: =COUNTIF(rekod!$F$315:$F$348,E$7) -> 2 | F23: =COUNTIF(rekod!$F$315:$F$348,F$7) -> 1
A24: 2026 | B24: =COUNTIF(rekod!E17:E536,A24) -> 30
A25: 2027 | B25: =COUNTIF(rekod!E18:E537,A25) -> 0
A26: 2028 | B26: =COUNTIF(rekod!E19:E538,A26) -> 0
A27: 2029 | B27: =COUNTIF(rekod!E20:E539,A27) -> 0
A28: 2030 | B28: =COUNTIF(rekod!E21:E540,A28) -> 0
A29: JUMLAH | B29: =SUM(B8:B28) -> 370 | C29: =SUM(C8:C28) -> 262 | D29: =SUM(D8:D28) -> 42 | E29: =SUM(E8:E28) -> 27 | F29: =SUM(F8:F28) -> 4
C30: =SUM(C29:F29) -> 335

Sheet mesy pengarah neg
A1: JAWATANKUASA TEKNIKAL PEMBANGUNAN KAWASAN SENSITIF ALAM SEKITAR | J1: Januari
A2: NEGERI SELANGOR 2019-2022
J3: Jun
A4: H. Kes-Kes Lembaga Rayuan. | J4: Julai
A5: ="Sebanyak "&TEXT(#REF!,"0")&" kes telah diterima oleh Lembaga Rayuan sehingga "&TEXT(#REF!,"0")&" 2014. Status terhadap kes-kes tersebut adalah seperti berikut:-" -> #REF! | J5: Ogos
B6: i. Bersetuju | C6: : | D6: =rekod!Z525 -> 143 | J6: September
B7: ii. Ditangguhkan | C7: : | D7: =rekod!AB525 -> 143 | J7: Oktober
B8: iii. Ditolak | C8: : | D8: =rekod!AA525 -> 143 | J8: November
B9: iv. Tarik Diri | C9: : | D9: =rekod!AC525 -> 144 | J9: Disember
B10: JUMLAH | C10: : | D10: =SUM(D6:D9) -> 573
A13: BIL. | B13: PEMOHON | C13: PBT | D13: TAHUN | E13: PERKARA | F13: KEPUTUSAN
A14: 1 | B14: =IF(A14="","",UPPER(rekod!B4)) -> PPC GLOMAC SDN. BHD. | C14: =IF(B14="","",rekod!D4) -> MBSA | D14: =IF(B14="","",rekod!E4) -> 2010 | E14: =IF(B14="","",rekod!H4) -> Permohonan Serahbalik Dan Berimilik Semula Di Bawah Seksyen 204D KTN, Di Atas Lot 243, 395 Dan 397 Mukim Sungai Buloh, Daerah Petaling, Seksyen U17, 40160 Shah Alam, Selangor Darul Ehsan. | F14: =IF(rekod!F4="","",rekod!F4) -> BERSETUJU | I14: BERSETUJU
A15: =IF(rekod!B5="","",A14+1) -> 2 | B15: =IF(A15="","",UPPER(rekod!B5)) -> TURF TECH SDN. BHD. | C15: =IF(B15="","",rekod!D5) -> MPS | D15: =IF(B15="","",rekod!E5) -> 2010 | E15: =IF(B15="","",rekod!H5) -> Permohonan Kelulusan Secara Serentak Bagi Pelan Kebenaran Merancang, Pelan Kerja Tanah, Pelan Jalan Dan Perparitan, Pelan Landskap, Pelan Bangunan Perumahan Di Atas Lot 163, Bandar Selayang, Daerah Gombak, Selangor Darul Ehsan. | F15: =IF(rekod!F5="","",rekod!F5) -> BERSETUJU | I15: DITOLAK
A16: =IF(rekod!B6="","",A15+1) -> 3 | B16: =IF(A16="","",UPPER(rekod!B6)) -> SIN HEAP LEE DEVELOPMENT SDN. BHD. | C16: =IF(B16="","",rekod!D6) -> MPKj | D16: =IF(B16="","",rekod!E6) -> 2010 | E16: =IF(B16="","",rekod!H6) -> Permohonan Kebenaran Merancang Cadangan Serahbalik Dan Berimilikan Semula Tanah Di Bawah Seksyen 204A Kanun Tanah Negara (KTN) Bagi Pembangunan Perumahan, Di Atas Lot PT.1495/1, PT.1495/2, PT.1495/3 Dan PT1495/4, Mukim Cheras, Daerah Hulu Langat, Selangor Darul Ehsan. | F16: =IF(rekod!F6="","",rekod!F6) -> BERSETUJU | I16: DITANGGUHKAN
A17: =IF(rekod!B7="","",A16+1) -> 4 | B17: =IF(A17="","",UPPER(rekod!B7)) -> TRANS LOYAL DEVELOPMENT SDN. BHD. | C17: =IF(B17="","",rekod!D7) -> MPKj | D17: =IF(B17="","",rekod!E7) -> 2010 | E17: =IF(B17="","",rekod!H7) -> Permohonan Pindaan Kebenaran Merancang Terhadap Sebahagian Pelan Susunatur Yang Telah Diluluskan (Bil. Surat : (12) Dlm. MPKJ PB/KM1/68-2002) Bagi Cadangan Pembangunan Perumahan Dan Perniagaan, Di Atas Pt 69787 (Sebahagian Lot Asal Lot 41146) Mukim Kajang, Daerah Hulu Langat, Selangor Darul Ehsan. | F17: =IF(rekod!F7="","",rekod!F7) -> BERSETUJU | I17: TARIK DIRI
A18: =IF(rekod!B8="","",A17+1) -> 5 | B18: =IF(A18="","",UPPER(rekod!B8)) -> SUNWAY TERMUNING SDN. BHD. | C18: =IF(B18="","",rekod!D8) -> MPKj | D18: =IF(B18="","",rekod!E8) -> 2010 | E18: =IF(B18="","",rekod!H8) -> Permohonan Kebenaran Merancang Untuk Pelan Susunatur Di Atas Lot 1316, 1352, 1355, 1401-1406, 1408-1410, 1412-1413, 1683-1684 Dan Sebahagian Lot 46953 (Lot 1351), Mukim Cheras, Daerah Hulu Langat, Selangor Darul Ehsan. | F18: =IF(rekod!F8="","",rekod!F8) -> DITANGGUHKAN
A19: =IF(rekod!B9="","",A18+1) -> 6 | B19: =IF(A19="","",UPPER(rekod!B9)) -> PRISMA CABARAN SDN. BHD. | C19: =IF(B19="","",rekod!D9) -> MPSpg | D19: =IF(B19="","",rekod!E9) -> 2010 | E19: =IF(B19="","",rekod!H9) -> Permohonan Kebenaran Merancang Bagi Cadangan Serah Balik Dan Pemberimilikan Semula Tanah, Di Bawah Seksyen 204d, Kanun Tanah Negara, Untuk Pembangunan Sekolah Agama Kiblah, Di Atas Lot 30774 (No. Hakmilik Pn) 43378), Mukim Dengkil, Daerah Sepang, Selangor Darul Ehsan Untuk Tetuan Prisma Cabaran Sdn. Bhd. | F19: =IF(rekod!F9="","",rekod!F9) -> BERSETUJU
A20: =IF(rekod!B10="","",A19+1) -> 7 | B20: =IF(A20="","",UPPER(rekod!B10)) -> PKNS DAN SPANLAND SDN. BHD. | C20: =IF(B20="","",rekod!D10) -> MPS | D20: =IF(B20="","",rekod!E10) -> 2010 | E20: =IF(B20="","",rekod!H10) -> Permohonan Kebenaran Merancang Bagi Pindaan Pelan Susunatur (Bil. : PKNS/SPANLAND(PR)/G/0411PL1-A) bertarikh 31hb. Januari 2008) di atas lot PT 24263 HS(D) 49212 Lot PT 27264 HS (D) 49213, Lot PT 27265 HS(D) 52089 Dan Tanah Kerajaan Milik PKNS, Mukim Rawang, Daerah Gombak, Selangor | F20: =IF(rekod!F10="","",rekod!F10) -> BERSETUJU
A21: =IF(rekod!B11="","",A20+1) -> 8 | B21: =IF(A21="","",UPPER(rekod!B11)) -> DACING KOTA SDN. BHD. | C21: =IF(B21="","",rekod!D11) -> MBSA | D21: =IF(B21="","",rekod!E11) -> 2010 | E21: =IF(B21="","",rekod!H11) -> Permohonan Kebenaran Merancang Pelan Susunatur Bagi Pembangunan Perumahan Di Atas Tanah Seluas 16.80 Ekar, Mukim Bukit Raja, Daerah Petaling, Seksyen U10, Shah Alam | F21: =IF(rekod!F11="","",rekod!F11) -> BERSETUJU
A22: =IF(rekod!B12="","",A21+1) -> 9 | B22: =IF(A22="","",UPPER(rekod!B12)) -> KENANGAN MOTIVASI SDN. BHD. | C22: =IF(B22="","",rekod!D12) -> MBSA | D22: =IF(B22="","",rekod!E12) -> 2010 | E22: =IF(B22="","",rekod!H12) -> Permohonan Kebenaran Merancang Pelan Susunatur Bagi Pembangunan Perumahan Di Atas Lot Kompartment 32, Tanah Hutan Simpan Bukit Cherakah Seluas 100 Ekar, Mukim Bukit Raja, Daerah Petaling, Seksyen U10, Shah Alam Selangor | F22: =IF(rekod!F12="","",rekod!F12) -> BERSETUJU
A23: =IF(rekod!B13="","",A22+1) -> 10 | B23: =IF(A23="","",UPPER(rekod!B13)) -> BASCO SDN. BHD. | C23: =IF(B23="","",rekod!D13) -> MBSA | D23: =IF(B23="","",rekod!E13) -> 2010 | E23: =IF(B23="","",rekod!H13) -> Permohonan Kebenaran Merancang Pelan Susunatur Bagi Cadangan Pembangunan Perumahan Dan Perdagangan, Di Atas Tanah Pemberimilikan Seluas 200 Ekar, Seksyen U10, Shah Alam, Mukim Bukit Raja, Daerah Petaling, Selangor Darul Ehsan | F23: =IF(rekod!F13="","",rekod!F13) -> BERSETUJU
A24: =IF(rekod!B14="","",A23+1) -> 11 | B24: =IF(A24="","",UPPER(rekod!B14)) -> TPPT SDN. BHD. | C24: =IF(B24="","",rekod!D14) -> MPS | D24: =IF(B24="","",rekod!E14) -> 2010 | E24: =IF(B24="","",rekod!H14) -> Permohonan Kebenaran Merancang Bagi Cadangan Pelan Induk Di Bukit Serai, Mukim Rawang, Daerah Gombak, Selangor Darul Ehsan | F24: =IF(rekod!F14="","",rekod!F14) -> BERSETUJU
A25: =IF(rekod!B15="","",A24+1) -> 12 | B25: =IF(A25="","",UPPER(rekod!B15)) -> GRANSTEP DEVELOPMENT SDN. BHD. | C25: =IF(B25="","",rekod!D15) -> MPAJ | D25: =IF(B25="","",rekod!E15) -> 2010 | E25: =IF(B25="","",rekod!H15) -> Permohonan Kebenaran Merancang Bagi Cadangan Pembangunan Perumahan Di Atas Lot 1287 (PT 30517, HS(D) 34803) Seluas 11.84 hektar (29.28 ekar), Bandar Ampang, Daerah Hulu Langat, Selangor Darul Ehsan Untuk Tetuan Granstep Development Sdn. Bhd. | F25: =IF(rekod!F15="","",rekod!F15) -> DITANGGUHKAN
A26: =IF(rekod!B16="","",A25+1) -> 13 | B26: =IF(A26="","",UPPER(rekod!B16)) -> DIJAYA PROPERTY SDN. BHD. | C26: =IF(B26="","",rekod!D16) -> MPKj | D26: =IF(B26="","",rekod!E16) -> 2010 | E26: =IF(B26="","",rekod!H16) -> Permohonan Pecah Sempadan Dan Tukar Syarat Tanah Secara Serentak Di Bawah Seksyen 124a Kanun Tanah Negara 1965 Dan Pembangunan 90 Unit Rumah Teres Strata Di Bawah Seksyen 6(1a) Akta 318 (Akta Hakmilik Strata 1985) Di Atas Lot 5717 Dan 1953, Mukim Kajang, Daerah Hulu Langat, Selangor Darul Ehsan. | F26: =IF(rekod!F16="","",rekod!F16) -> BERSETUJU
A27: =IF(rekod!B17="","",A26+1) -> 14 | B27: =IF(A27="","",UPPER(rekod!B17)) -> WANGMATIC SDN. BHD. | C27: =IF(B27="","",rekod!D17) -> MPKj | D27: =IF(B27="","",rekod!E17) -> 2010 | E27: =IF(B27="","",rekod!H17) -> Permohonan Kebenaran Merancang Bagi Tujuan Tukar Syarat Daripada Tiada Kepada Bangunan Perumahan Di Bawah Seksyen 124a, Kanun Tanah Negara Di Atas Lot 2717, Mukim Kajang, Daerah Hulu Langat, Selangor Darul Ehsan | F27: =IF(rekod!F17="","",rekod!F17) -> BERSETUJU
A28: =IF(rekod!B18="","",A27+1) -> 15 | B28: =IF(A28="","",UPPER(rekod!B18)) -> PRISMA CABARAN SDN. BHD. | C28: =IF(B28="","",rekod!D18) -> MPSpg | D28: =IF(B28="","",rekod!E18) -> 2010 | E28: =IF(B28="","",rekod!H18) -> Permohonan Kebenaran Merancang Bagi Cadangan Serah Balik Dan Pemberimilikan Semula Tanah Di Bawah Seksyen 204d, Kanun Tanah Negara (Ktn) Untuk Pembangunan Sekolah Agama Kiblah Dan Mahad Tahfiz, Di Atas Lot 30774 No. Hakmilik Pn 49378 (Pt17124), Mukim Dengkil, Daerah Sepang, Selangor Darul Ehsan. | F28: =IF(rekod!F18="","",rekod!F18) -> DITANGGUHKAN
A29: =IF(rekod!B19="","",A28+1) -> 16 | B29: =IF(A29="","",UPPER(rekod!B19)) -> B.U. DEVELOPMENTS SDN. BHD. | C29: =IF(B29="","",rekod!D19) -> MPAJ | D29: =IF(B29="","",rekod!E19) -> 2010 | E29: =IF(B29="","",rekod!H19) -> Permohonan Kebenaran Merancang Bagi Cadangan Pembangunan Perniagaan yang Mengandungi Blok A, Blok B dan Blok C Serta meminda Syarat Nyata Tanah Daripada Bangunan Kediaman Kepada Perniagaan Secara Serentak Di Bawah Seksyen 124A Kanun Tanah Negara (KTN) Di Atas Lot 322 (GM53), Mukim Ulu Kelang, Daerah Gombak, Selangor Darul Ehsan. | F29: =IF(rekod!F19="","",rekod!F19) -> BERSETUJU
... A32: =IF(rekod!B22="","",A31+1) -> 19 | B32: =IF(A32="","",UPPER(rekod!B22)) -> SMS DEVELOPMENT SDN. BHD. | C32: =IF(B32="","",rekod!D22) -> MPKj | D32: =IF(B32="","",rekod!E22) -> 2010 | E32: =IF(B32="","",rekod!H22) -> Permohonan Kebenaran Merancang Bagi Cadangan Pelan Susunatur Industri Berkembar 56 Unit Di Atas Lot 19003 Sekxsyen 19, Bandar Rawang, Daerah Gombak, Selangor Darul Ehsan | F32: =IF(rekod!F22="","",rekod!F22) -> BERSETUJU
A33: =IF(rekod!B24="","",A32+1) -> 20 | B33: =IF(A33="","",UPPER(rekod!B24)) -> MAMMOTH EMPIRE LAND SDN. BHD. | C33: =IF(B33="","",rekod!D24) -> MBPJ | D33: =IF(B33="","",rekod!E24) -> 2010 | E33: =IF(B33="","",rekod!H24) -> Permohonan Kebenaran Merancang Bagi Cadangan Pecah Sempadan Mengikut Seksyen 135 (Kanun Tanah Negara 1965) Dan Pembangunan 795 Unit Rumah Teres 3 Tingkat Serta 1 Tingkat Tempat Letak kereta (Permilikan Berstrata Mengikut Seksyen 6, Akta Hakmilik Strata 1985) Di Atas Lot 44012 HSD 222396, Mukim Sungai Buloh, Daerah Petaling, Selangor Darul Ehsan. | F33: =IF(rekod!F24="","",rekod!F24) -> BERSETUJU
A34: =IF(rekod!B25="","",A33+1) -> 21 | B34: =IF(A34="","",UPPER(rekod!B25)) -> PERMODALAN NEGERI SELANGOR BERHAD (PNSB) | C34: =IF(B34="","",rekod!D25) -> MBPJ | D34: =IF(B34="","",rekod!E25) -> 2010 | E34: =IF(B34="","",rekod!H25) -> Cadangan Projek Perumahan Dimajukan Secara Usahasama Di Antara Setiausaha Kerajaan Negeri Selangor (Perbadanan) Dengan Syarikat Tetuan Agro Fresh (M) Sdn. Bhd. Pembangunan Perumahan Di Atas Lot 23739 (Dahulu Lot 1999), 23740 (Dahulu Lot 3505) Dan 23741 (Lot 3587) Mukim Sungai Buloh Daerah Petaling Selangor Darul Ehsan. | F34: =IF(rekod!F25="","",rekod!F25) -> BERSETUJU
A35: =IF(rekod!B26="","",A34+1) -> 22 | B35: =IF(A35="","",UPPER(rekod!B26)) -> RESTU MANTAP SDN. BHD. | C35: =IF(B35="","",rekod!D26) -> MBSA | D35: =IF(B35="","",rekod!E26) -> 2010 | E35: =IF(B35="","",rekod!H26) -> Permohonan Kebenaran Merancang Bagi Cadangan Pelan Susunatur Perumahan Di Atas Kompartmen 35, Hutan Simpan Bukit Cherakah, Mukim Bukit Raja, Daerah Petaling, Seksyen U10, Shah Alam, Selangor Darul Ehsan. | F35: =IF(rekod!F26="","",rekod!F26) -> BERSETUJU
A36: =IF(rekod!B27="","",A35+1) -> 23 | B36: =IF(A36="","",UPPER(rekod!B27)) -> MADONNA HEIGHTS DEVELOPMENT SDN. BHD. | C36: =IF(B36="","",rekod!D27) -> MPAJ | D36: =IF(B36="","",rekod!E27) -> 2010 | E36: =IF(B36="","",rekod!H27) -> Permohonan Kebenaran Merancang Secara Serentak Dengan Menambah Syarat Nyata Tanah (Seksyen 124 (1) (C), Ktn Daripada Tapak Institusi Kepada Tapak Institusi Dan Bangunan Kediaman Bagi Cadangan Skim Perumahan Berpagar (‘Gated Community’) Mengandungi 15 Unit Rumah Sesebuah (Zero Lot) 3 Tingkat Dan 160 Unit Kondominium Termasuk 5 Tingkat Aras Bawah Di Atas Sebahagian Lot 389, Mukim Ulu Kelang, Daerah Gombak Selangor Darul Ehsan. | F36: =IF(rekod!F27="","",rekod!F27) -> DITANGGUHKAN
A37: =IF(rekod!B28="","",A36+1) -> 24 | B37: =IF(A37="","",UPPER(rekod!B28)) -> SPECTACULAR SDN. BHD. | C37: =IF(B37="","",rekod!D28) -> MPAJ | D37: =IF(B37="","",rekod!E28) -> 2010 | E37: =IF(B37="","",rekod!H28) -> Permohonan Kebenaran Merancang Bagi Pembangunan Skim ‘Gated Community’ Di Bawah Seksyen 6(1a) Akta 318 (Akta Hakmilik Strata 1985) Yang Mengandungi Pembangunan 29 Unit Villa 3 ½ Tingkat Dan 12 Unit Rumah Kos Sederhana 4 Tingkat Di Atas Lot 5, Seksyen 2, Jalan 2, Taman Sri Ukay, Mukim Hulu Kelang, Daerah Gombak, Selangor Darul Ehsan. | F37: =IF(rekod!F28="","",rekod!F28) -> BERSETUJU
A38: =IF(rekod!B29="","",A37+1) -> 25 | B38: =IF(A38="","",UPPER(rekod!B29)) -> JABATAN PENJARA MALAYSIA | C38: =IF(B38="","",rekod!D29) -> MPSpg | D38: =IF(B38="","",rekod!E29) -> 2011 | E38: =IF(B38="","",rekod!H29) -> Cadangan Pembinaan Pusat Latihan Juvana Penjara Malaysia Di Atas Lot 2238 Mukim Dengkil, Daerah Sepang, Selangor Darul Ehsan. | F38: =IF(rekod!F29="","",rekod!F29) -> BERSETUJU
A39: =IF(rekod!B30="","",A38+1) -> 26 | B39: =IF(A39="","",UPPER(rekod!B30)) -> ANGEL WING(M) SDN. BHD. | C39: =IF(B39="","",rekod!D30) -> MPAJ | D39: =IF(B39="","",rekod!E30) -> 2011 | E39: =IF(B39="","",rekod!H30) -> Permohonan Kebenaran Merancang Bagi Cadangan Pindaan Pelan Pembangunan Bercampur Di Atas Lot 96, 149, 452, 453 Dan 454 Mukim Hulu Kelang, Daerah Gombak, Selangor Darul Ehsan. | F39: =IF(rekod!F30="","",rekod!F30) -> DITOLAK
A40: =IF(rekod!B31="","",A39+1) -> 27 | B40: =IF(A40="","",UPPER(rekod!B31)) -> APEX CAPACITY SDN. BHD. | C40: =IF(B40="","",rekod!D31) -> MBSA | D40: =IF(B40="","",rekod!E31) -> 2011 | E40: =IF(B40="","",rekod!H31) -> Permohonan Pembangunan Bercampur Secara Berimilikan Tanah Kerajaan Seluas 29.11 Ekar, Mukim Bukit Raja, Daerah Petaling, Selangor Darul Ehsan. | F40: =IF(rekod!F31="","",rekod!F31) -> BERSETUJU
A41: =IF(rekod!B32="","",A40+1) -> 28 | B41: =IF(A41="","",UPPER(rekod!B32)) -> TETUAN MESEBA SDN. BHD + LG 4 PERMOHONAN | C41: =IF(B41="","",rekod!D32) -> MPKj | D41: =IF(B41="","",rekod!E32) -> 2011 | E41: =IF(B41="","",rekod!H32) -> Permohonan Kebenaran Merancang Bagi Cadangan Serahbalik dan Berimilik Semula Di Bawah Seksyen 204B, Kanun Tanah Negara Untuk Cadangan Pembangunan Kediaman Sesebuah Di Atas Lot 43818 – 43829, Mukim Cheras, Daerah Hulu Langat, Selangor Darul Ehsan Untuk Tetuan Meseba Sdn. Bhd | F41: =IF(rekod!F32="","",rekod!F32) -> DITOLAK
A42: =IF(rekod!B35="","",A41+1) -> 29 | B42: =IF(A42="","",UPPER(rekod!B35)) -> CYBERVIEW SDN. BHD. (TETUAN MESSRS. MYVILLA DEVELOPMENT SDN. BHD.) | C42: =IF(B42="","",rekod!D35) -> MPSpg | D42: =IF(B42="","",rekod!E35) -> 2011 | E42: =IF(B42="","",rekod!H35) -> Permohonan Kebenaran Merancang Bagi Cadangan Pembangunan : I. Perumahan Berkembar 2 Tingkat (52 Unit) Ii. Perumahan Berkembar 3 Tingkat (164 Unit) Iii. Perumahan Sesebuah 3 Tingkat (5 Unit) Iv. 1 Unit Surau Dan V. 1 Unit Rumah Pengawal Di Bawah Skim ‘Guarded & Gated Community’ Mengikut Seksyen 6(1a) Akta 318 (Akta Hakmilik Strata 1985) Di Atas Pt 26774 Seluas 34.86 Ekar, Jalan B15 (Baru) Cyberjaya, Mukim Dengkil, Daerah Sepang, Selangor Darul Ehsan. | F42: =IF(rekod!F35="","",rekod!F35) -> BERSETUJU
A43: =IF(rekod!B36="","",A42+1) -> 30 | B43: =IF(A43="","",UPPER(rekod!B36)) -> TRIPLE ESTEEM SDN. BHD. | C43: =IF(B43="","",rekod!D36) -> MPAJ | D43: =IF(B43="","",rekod!E36) -> 2011 | E43: =IF(B43="","",rekod!H36) -> Permohonan Kebenaran Merancang Bagi Membina 1 Unit Rumah Sesebuah 3 Tingkat (Termasuk 1 Separa Bawah Tanah) Di Atas Lot 6842 (4784), Jalan Teberau 1, Taman Ukay Heights, Bandar Ulu Klang, Daerah Gombak, Selangor Darul Ehsan | F43: =IF(rekod!F36="","",rekod!F36) -> BERSETUJU
A44: =IF(rekod!B37="","",A43+1) -> 31 | B44: =IF(A44="","",UPPER(rekod!B37)) -> GRAHAM MURRAY DAVIDSON | C44: =IF(B44="","",rekod!D37) -> MPAJ | D44: =IF(B44="","",rekod!E37) -> 2011 | E44: =IF(B44="","",rekod!H37) -> Permohonan Kebenaran Merancang Secara Serentak Dengan Tukar Syarat Nyata Tanah Daripada Tiada Kepada Kediaman bagi Membina Sebuah Banglo 3 Tingkat Beserta Bawah Tanah Dan Satu Kolam Renang Di Atas Lot 1614 Taman Ukay Heights, Mukim Ulu Kelang, Daerah Gombak, Selangor | F44: =IF(rekod!F37="","",rekod!F37) -> BERSETUJU
A45: =IF(rekod!B38="","",A44+1) -> 32 | B45: =IF(A45="","",UPPER(rekod!B38)) -> PAUL LESLIE SMITH | C45: =IF(B45="","",rekod!D38) -> MPS | D45: =IF(B45="","",rekod!E38) -> 2011 | E45: =IF(B45="","",rekod!H38) -> Permohonan Kebenaran Merancang Secara Serentak Dengan Tukar Syarat Nyata Tanah Daripada Tiada Kepada Kediaman bagi Meroboh Dan Membina Semula Sebuah Banglo 3 Tingkat Beserta Bawah Tanah Dan Satu Kolam Renang Di Atas Lot 1615 Taman Ukay Heights, Mukim Ulu Kelang, Daerah Gombak, Selangor | F45: =IF(rekod!F38="","",rekod!F38) -> BERSETUJU
A46: =IF(rekod!B39="","",A45+1) -> 33 | B46: =IF(A46="","",UPPER(rekod!B39)) -> ILONA RUSSELL NEE IONA FINNIGAN | C46: =IF(B46="","",rekod!D39) -> MPAJ | D46: =IF(B46="","",rekod!E39) -> 2011 | E46: =IF(B46="","",rekod!H39) -> Permohonan Kebenaran Merancang Secara Serentak Dengan Tukar Syarat Nyata Tanah Daripada Tiada Kepada Kediaman bagi Meroboh Dan Membina Semula Sebuah Banglo 3 Tingkat Beserta Bawah Tanah Dan Satu Kolam Renang Di Atas Lot 1616 Taman Ukay Heights, Mukim Ulu Kelang, Daerah Gombak, Selangor | F46: =IF(rekod!F39="","",rekod!F39) -> BERSETUJU
A47: =IF(rekod!B40="","",A46+1) -> 34 | B47: =IF(A47="","",UPPER(rekod!B40)) -> SK LAND & PROPERTY SDN. BHD. | C47: =IF(B47="","",rekod!D40) -> MPS | D47: =IF(B47="","",rekod!E40) -> 2011 | E47: =IF(B47="","",rekod!H40) -> Permohonan Kebenaran Merancang Pelan Susunatur Bagi Cadangan Membina Sebuah Bangunan ‘Cold Room’ 5 Tingkat Di Atas Lot PT 31117 (Lot 1713), Mukim Batu, Daerah Gombak, Selangor Darul Ehsan | F47: =IF(rekod!F40="","",rekod!F40) -> DITOLAK
A48: =IF(rekod!B41="","",A47+1) -> 35 | B48: =IF(A48="","",UPPER(rekod!B41)) -> TENTERAJAYA SDN. BHD. (AMAN KEMENSAH SDN. BHD.) | C48: =IF(B48="","",rekod!D41) -> MPAJ | D48: =IF(B48="","",rekod!E41) -> 2011 | E48: =IF(B48="","",rekod!H41) -> Permohonan Kebenaran Merancang Bagi Tujuan Penyerahan Balik Dan Pemberimilikan Semula Di Bawahseksyen 204, Ktn Untuk Pembangunan Perumahan Skim Komuniti Berpagar Di Bawah Seksyen 6 (1a) Akta 318 (Akta Hakmilik Strata 1985) Di Atas Lot 584, 585 Dan 599 Seluas 14.72 Ekar Mukim Ulu Klang Daerah Gombak, Selangor Darul Ehsan | F48: =IF(rekod!F41="","",rekod!F41) -> DITANGGUHKAN
A49: =IF(rekod!B42="","",A48+1) -> 36 | B49: =IF(A49="","",UPPER(rekod!B42)) -> TWIN RIDGE SDN. BHD. | C49: =IF(B49="","",rekod!D42) -> MPAJ | D49: =IF(B49="","",rekod!E42) -> 2011 | E49: =IF(B49="","",rekod!H42) -> Permohonan Pindaan Kebenaran Merancang Ke Atas Pelan Susunatur Yang Telah Diluluskan No. Rujukan Bil.(73)dlm MPAJ 11/2/91 Bertarikh 26 Oktober 2007 Bagi Cadangan Pembangunan Perumahan (Guarded Community) Di Atas Sebahagian Lot 424 Dan 542, Mukim Hulu Kelang, Daerah Gombak, Selangor Darul Ehsan | F49: =IF(rekod!F42="","",rekod!F42) -> DITANGGUHKAN
A50: =IF(rekod!B43="","",A49+1) -> 37 | B50: =IF(A50="","",UPPER(rekod!B43)) -> MAJLIS AGAMA ISLAM SELANGOR. | C50: =IF(B50="","",rekod!D43) -> MDHS | D50: =IF(B50="","",rekod!E43) -> 2011 | E50: =IF(B50="","",rekod!H43) -> Permohonan Kebenaran Merancang (Pindaan) Mengikut Seksyen 21 Akta 172 Bagi Kelulusan Pelan Susunatur Ke Atas Cadangan Merekabentuk, Membina dan Menyiapkan Pusat Pemulihan Dadah Tegar Serta Kemudahan Infrastruktur Di Atas Sebahagian Lot PT 20304 (HSD 44501) Seluas 31.851 Ekar, Tanah Milik Kerajaan, Mukim Serendah, Daerah Hulu Selangor | F50: =IF(rekod!F43="","",rekod!F43) -> DITOLAK
A51: =IF(rekod!B44="","",A50+1) -> 38 | B51: =IF(A51="","",UPPER(rekod!B44)) -> TAMAN TAR DEVELOPMENT SDN. BHD. | C51: =IF(B51="","",rekod!D44) -> MPAJ | D51: =IF(B51="","",rekod!E44) -> 2011 | E51: =IF(B51="","",rekod!H44) -> Cadangan Pembangunan Perumahan 88 Lot Banglo Di Atas HS(D) 18814 PT 11527 (Lot Lama 11641), Taman Tun Abdul Razak, Mukim Hulu Klang, Daerah Gombak, Selangor Darul Ehsan. | F51: =IF(rekod!F44="","",rekod!F44) -> BERSETUJU
A52: =IF(rekod!B45="","",A51+1) -> 39 | B52: =IF(A52="","",UPPER(rekod!B45)) -> SUNRISE ALLIANCE SDN. BHD. | C52: =IF(B52="","",rekod!D45) -> MPKj | D52: =IF(B52="","",rekod!E45) -> 2011 | E52: =IF(B52="","",rekod!H45) -> Permohonan Kebenaran Bagi Tujuan Serah Balik Dan Pemberimilikan Semula Di Bawah Seksyen 204A Untuk Cadangan Bangunan Perniagaa Di Atas Lot PT 24376 Mukim Kajang Daerah Hulu Langat, Selangor Darul Ehsan. | F52: =IF(rekod!F45="","",rekod!F45) -> DITANGGUHKAN
A53: =IF(rekod!B46="","",A52+1) -> 40 | B53: =IF(A53="","",UPPER(rekod!B46)) -> BRAS SANCTUARY PROPERTY SDN. BHD. | C53: =IF(B53="","",rekod!D46) -> MPS | D53: =IF(B53="","",rekod!E46) -> 2011 | E53: =IF(B53="","",rekod!H46) -> Permohonan Kebenaran Merancang Kepada Pelan Yang Telah Diluluskan Oleh Majlis Perbandaran Selayang Bagi Cadangan Pembangunan 60 Unit Lot Sesebuah Skim “ Gated Community” Di bawah Seksyen 6(1A) Akta 318 (Hakmilik Strata 1985) Di atas Lot 5070 (Fasa 5A) Templer Park Resort, Mukim Rawang, Daerah Gombak. | F53: =IF(rekod!F46="","",rekod!F46) -> DITANGGUHKAN
... A171: =IF(rekod!B164="","",A170+1) -> 158 | B171: =IF(A171="","",UPPER(rekod!B164)) -> TETUAN SAGA TUNAS SDN. BHD. | C171: =IF(B171="","",rekod!D164) -> MPSpg | D171: =IF(B171="","",rekod!E164) -> 2017 | E171: =IF(B171="","",rekod!H164) -> Permohonan Kebenaran Merancang Bagi Cadangan Skim Pembangunan Di Bawah Akta Hakmilik Strata Melalui Tukar Syarat Dan Pecah Sempadan Tanah Secara Serentak Di Bawah Seksyen 124a, Kanun Tanah Negara (Ktn) 1965, Diatas Lot 115431, Tanah Simpanan Melayu Dengkil, Daerah Sepang, Selangor Darul Ehsan Secara Usahasama Dengan Permodalan Negeri Selangor Berhad (PNSB). | F171: =IF(rekod!F164="","",rekod!F164) -> BERSETUJU
A172: =IF(rekod!B165="","",A171+1) -> 159 | B172: =IF(A172="","",UPPER(rekod!B165)) -> TETUAN IISY LAND SDN. BHD. | C172: =IF(B172="","",rekod!D165) -> MPSJ | D172: =IF(B172="","",rekod!E165) -> 2017 | E172: =IF(B172="","",PROPER(rekod!H165)) -> Permohonan Kebenaran Merancang Bagi Cadangan Serah Balik Dan Pemberimilikan Semula Melalui Seksyen 204A, Ktn 1965 Bagi Cadangan Pembangunan Bercampur "Lake Sapphire Puchong" Di Atas Lot 825 (Pt2910) Dan Pt2437, Bandar Puchong Jaya, Mukim Petaling, Daerah Petaling, Selangor Darul Ehsan. | F172: =IF(rekod!F165="","",rekod!F165) -> BERSETUJU
A173: =IF(rekod!B166="","",A172+1) -> 160 | B173: =IF(A173="","",UPPER(rekod!B166)) -> TETUAN HAK SENG HAN SDN. BHD. | C173: =IF(B173="","",rekod!D166) -> MPSJ | D173: =IF(B173="","",rekod!E166) -> 2018 | E173: =IF(B173="","",PROPER(rekod!H166)) -> Permohonan Kelulusan Jawatankuasa Teknikal Pembangunan Kawasan Sensitif Alam Sekitar Negeri Selangor (Jktpksas) Bagi Pelan Susunatur Untuk Cadangan Pangsapuri Perkhidmatan Komersil Di Atas Hakmilik Pn8613 (Lot 65104), Seluas 16.82 Ekar, Pekan Puchong Perdana, Mukim Puchong, Daerah Petaling, Selangor Darul Ehsan. | F173: =IF(rekod!F166="","",rekod!F166) -> BERSETUJU
A174: =IF(rekod!B167="","",A173+1) -> 161 | B174: =IF(A174="","",UPPER(rekod!B167)) -> TETUAN PROMAKMUR DEVELOPMENT SDN. BHD. | C174: =IF(B174="","",rekod!D167) -> MPS | D174: =IF(B174="","",rekod!E167) -> 2018 | E174: =IF(B174="","",PROPER(rekod!H167)) -> Permohonan Kebenaran Merancang Bagi Cadangan Pindaan Terhadap Pelan Susunatur Perumahan Dan Perniagaan Yang Telah Diluluskan (Bil:10 Dlm. Mps 3/3-120/546 Pin-5 Jld.1) Bertarikh 16 Julai 2013 Di Atas Lot 982,934,1286,3513,1246 Dan 1851, Mukim Rawang Daerah Gombak, Selangor Darul Ehsan. | F174: =IF(rekod!F167="","",rekod!F167) -> BERSETUJU
A175: =IF(rekod!B168="","",A174+1) -> 162 | B175: =IF(A175="","",UPPER(rekod!B168)) -> TETUAN KINGSLEY HILLS SDN. BHD. | C175: =IF(B175="","",rekod!D168) -> MPSJ | D175: =IF(B175="","",rekod!E168) -> 2018 | E175: =IF(B175="","",PROPER(rekod!H168)) -> Permohonan Pindaan Kebenaran Merancang Pendirian Bangunan Pelan Yang Diluluskan (No. Rujukan : Mpsj.Ps.260/36/329 Bertarikh 24 April 2012 Dan Mpsj.Ps.260/36/297 Bertarikh 21 Februari 2012) Bagi Cadangan Membina Pangsapuri (616 Unit) Di Atas Lot Pt 35823 (Dahulunya Lot Pt 36309, Pt 36310, Pt 36301 Dan Pt 36302) Di Jalan Kingsley 2, Kingsley Hills, Putra Heights, Mukim Damansara, Daerah Petaling, Selangor Darul Ehsan. | F175: =IF(rekod!F168="","",rekod!F168) -> BERSETUJU
A176: =IF(rekod!B169="","",A175+1) -> 163 | B176: =IF(A176="","",UPPER(rekod!B169)) -> TETUAN KL-KEPONG PROPERTY DEVELOPMENT SDN. BHD. | C176: =IF(B176="","",rekod!D169) -> MPS | D176: =IF(B176="","",rekod!E169) -> 2018 | E176: =IF(B176="","",PROPER(rekod!H169)) -> Permohonan Cadangan Kelulusan Pelan Induk Bagi Pembangunan Bercampur (Perumahan Dan Perniagaan) Melaui Penyerahan Balik Dan Pemberimilikan Semula Di Bawah Seksyen 204B, Kanun Tanah Negara (Ktn) 1965, Di Atas Lot 1456, Lot 1504, Lot 1755, Lot 1757, Lot 1759, Lot 1861, Lot 1862, Dan Lot 1754 (Lot Baru 84401, Lot Baru 84402, Lot Baru 84403), Mukim Rawang, Daerah Gombak, Selangor Darul Ehsan. | F176: =IF(rekod!F169="","",rekod!F169) -> BERSETUJU
A177: =IF(rekod!B170="","",A176+1) -> 164 | B177: =IF(A177="","",UPPER(rekod!B170)) -> TETUAN KL-KEPONG COUNTRY HOMES SDN. BHD. | C177: =IF(B177="","",rekod!D170) -> MPS | D177: =IF(B177="","",rekod!E170) -> 2018 | F177: =IF(rekod!F170="","",rekod!F170) -> BERSETUJU
A178: =IF(rekod!B171="","",A177+1) -> 165 | B178: =IF(A178="","",UPPER(rekod!B171)) -> TETUAN PERMODALAN YBK SDN. BHD. | C178: =IF(B178="","",rekod!D171) -> MDHS | D178: =IF(B178="","",rekod!E171) -> 2018 | E178: =IF(B178="","",PROPER(rekod!H171)) -> Permohonan Kebenaran Merancang Bagi Fasa 1, Bukit Tasik Serendah (Pembangunan Homestead) Melalui Serah Balik Dan Berimilik Semula Di Bawah Seksyen 204B (Ktn 1965) Di Atas Lot Pt 11031 (Blok 26) Dan Sebahagian Lot 11015 (Blok 10), Di Mukim Serendah, Daerah Hulu Selangor, Selangor Darul Ehsan. | F178: =IF(rekod!F171="","",rekod!F171) -> DITANGGUHKAN
A179: =IF(rekod!B172="","",A178+1) -> 166 | B179: =IF(A179="","",UPPER(rekod!B172)) -> TETUAN SURIA VILLA SDN. BHD. | C179: =IF(B179="","",rekod!D172) -> MPKj | D179: =IF(B179="","",rekod!E172) -> 2018 | E179: =IF(B179="","",PROPER(rekod!H172)) -> Permohonan Kebenaran Merancang Pelan Susunatur Bagi Cadangan Pembangunan Bercampur Diatas Lot 935. 1077, 1640, 1933, 1934, 1935, 1936, Pt 9781, Pt 29942, Pt29943, Pt 29946, Sebahagian Lot563 Dan Tanah Kerajaan (Pt 9779 Dan Pt 9780-1.89 Ekar, Dibawah Seksyen 197&76 Kanun Tanah Negara (Ktn 1965), Mukim Semenyih, Daerah Hulu Langat, Selangor Darul Ehsan. | F179: =IF(rekod!F172="","",rekod!F172) -> BERSETUJU
A180: =IF(rekod!B173="","",A179+1) -> 167 | B180: =IF(A180="","",UPPER(rekod!B173)) -> TETUAN GLM EMERALD WEST (RAWANG) SDN. BHD. | C180: =IF(B180="","",rekod!D173) -> MPS | D180: =IF(B180="","",rekod!E173) -> 2018 | E180: =IF(B180="","",PROPER(rekod!H173)) -> Permohonan Kebenaran Merancang Bagi Cadangan Pindaan Terhadap Pelan Susunatur Perumahan Dan Perniagaan Yang Telah Diluluskan (Bil:10 Dlm. Mps 3/3-120/546 Pin-5 Jld.1) Bertarikh 16 Julai 2013 Di Atas Lot 982,934,1286,3513,1246 Dan 1851, Mukim Rawang Daerah Gombak, Selangor Darul Ehsan. | F180: =IF(rekod!F173="","",rekod!F173) -> BERSETUJU
A181: =IF(rekod!B174="","",A180+1) -> 168 | B181: =IF(A181="","",UPPER(rekod!B174)) -> TETUAN MZK LAND SDN. BHD. | C181: =IF(B181="","",rekod!D174) -> MPKj | D181: =IF(B181="","",rekod!E174) -> 2018 | E181: =IF(B181="","",PROPER(rekod!H174)) -> Permohonan Kebenaran Merancang Pendirian Bangunan Untuk Cadangan Pembangunan : 1. Lot 1826 (Fasa 1) : 188 Unit (16 Tingkat) Pangsapuri Harga Bebas Beserta 3 Tingkat Tlk Bertingkat (Basemen) 2. Lot 9867 (Fasa 2) : 119 Unit (18 Tingkat) Pangsapuri Harga Bebas Beserta 5 Tingkat (Podium 1-5) Dan Kemudahan Pejabat Pengurusan, Dewan, Tadika, Gelanggang Sukan, Gimnasium Dan Lain-Lain Diatas Lot 1826 Dan Pt 9867, (Lot Lama 14660), Mukim Hulu Langat, Daerah Hulu Langat, Selangor Darul Ehsan. | F181: =IF(rekod!F174="","",rekod!F174) -> BERSETUJU
A182: =IF(rekod!B175="","",A181+1) -> 169 | B182: =IF(A182="","",UPPER(rekod!B175)) -> TETUAN SIME DARBY SERENIA DEVELOPMENT SDN. BHD. | C182: =IF(B182="","",rekod!D175) -> MPSpg | D182: =IF(B182="","",rekod!E175) -> 2018 | E182: =IF(B182="","",PROPER(rekod!H175)) -> Permohonan Kebenaran Merancang Bagi Cadangan Pembangunan Bercampur Fasa 3, Melalui Serah Balik Secara Dan Pemberimilikan Semula Tanah Dibawah Seksyen 204B, Kanun Tanah Negara (Ktn) 1965, Di Atas Lot Pt 55389, Pt 55390, Pt55393 Bandar Serenia, Mukim Dengkil, Daerah Sepang, Selangor Darul Ehsan. | F182: =IF(rekod!F175="","",rekod!F175) -> BERSETUJU
A183: =IF(rekod!B176="","",A182+1) -> 170 | B183: =IF(A183="","",UPPER(rekod!B176)) -> TETUAN PROJEK LINTASAN SUNGAI BESI – ULU KELANG SDN. BHD. | C183: =IF(B183="","",rekod!D176) -> MPAJ | D183: =IF(B183="","",rekod!E176) -> 2018 | E183: =IF(B183="","",PROPER(rekod!H176)) -> Cadangan Pembangunan Pejabat Hutan Dan Kuarters Kakitangan Jabatan Hutan Di Ampang Lookout Point Daerah Hulu Langat, Selangor Darul Ehsan. | F183: =IF(rekod!F176="","",rekod!F176) -> DITANGGUHKAN
A184: =IF(rekod!B177="","",A183+1) -> 171 | B184: =IF(A184="","",UPPER(rekod!B177)) -> TETUAN PERBADANAN KEMAJUAN NEGERI SELANGOR-3A | C184: =IF(B184="","",rekod!D177) -> MDHS | D184: =IF(B184="","",rekod!E177) -> 2018 | E184: =IF(B184="","",PROPER(rekod!H177)) -> Permohonan Kebenaran Merancang Di Bawah Subseksyen 21(1), Akta Perancangan Bandar Dan Desa 1976 (Akta 176) Bagi Cadangan Pelan Susunatur Pembangunan Perumahan Melalui Serah Balik Dan Berimilik Semula Tanah Di Bawah Seksyen 204B (Ktn) Diatas Pt894, Seksyen 3A, Antara Gapi, Mukim Bandar Sungai Chik, Daerah Hulu Selangor, Selangor Darul Ehsan. | F184: =IF(rekod!F177="","",rekod!F177) -> BERSETUJU
A185: =IF(rekod!B178="","",A184+1) -> 172 | B185: =IF(A185="","",UPPER(rekod!B178)) -> TETUAN PERBADANAN KEMAJUAN NEGERI SELANGOR-4B | C185: =IF(B185="","",rekod!D178) -> MDHS | D185: =IF(B185="","",rekod!E178) -> 2018 | E185: =IF(B185="","",PROPER(rekod!H178)) -> Permohonan Kebenaran Merancang Di Bawah Subseksyen 21(1), Akta Perancangan Bandar Dan Desa 1976 (Akta 176) Bagi Cadangan Pelan Susunatur Pembangunan Perumahan Melalui Serah Balik (Dibawah Seksyen 197 Ktn) Dan Pemberimilikan Semula (Di Bawah Seksyen 76 Ktn) Diatas Lot 5944 (Pt897) Fasa 4B, Seksyen 4, Antara Gapi, Bandar Sungai Chik, Daerah Hulu Selangor, Selangor Darul Ehsan. | F185: =IF(rekod!F178="","",rekod!F178) -> BERSETUJU
A186: =IF(rekod!B179="","",A185+1) -> 173 | B186: =IF(A186="","",UPPER(rekod!B179)) -> TETUAN PENGURUSAN ASET AIR BERHAD - KOLAM AMPANG | C186: =IF(B186="","",rekod!D179) -> MPAJ | D186: =IF(B186="","",rekod!E179) -> 2018 | E186: =IF(B186="","",PROPER(rekod!H179)) -> Permohonan Pindaan Kebenaran Merancangyang Telah Diluluskan No. Mpaj.Pb.Kp/2-11(2015)Jld.2 Yang Bertarikh 11 Oktober 2015 Bagi Pembangunan Kolam Air Ampang Kepada Pembangunan Kolam Air Ampang Dan Outlet Portal Di Atas Sebahagian Lot 947, Lot 47724 Dan Sebahagian Simpanan Jalan/Tanah Kerajaan Di Mukim Ampang, Daerah Hulu Langat, Selangor Darul Ehsan. | F186: =IF(rekod!F179="","",rekod!F179) -> BERSETUJU
A187: =IF(rekod!B180="","",A186+1) -> 174 | B187: =IF(A187="","",UPPER(rekod!B180)) -> TETUAN PERBADANAN KEMAJUAN NEGERI SELANGOR -U10 | C187: =IF(B187="","",rekod!D180) -> MBSA | D187: =IF(B187="","",rekod!E180) -> 2018 | E187: =IF(B187="","",PROPER(rekod!H180)) -> Permohonan Kebenaran Merancang Pelan Susunatur Bagi Cadangan Pembangunan Kediaman Bercampur Diatas Pt37475-Pt37483, Persiaran Mokhtar Dahari, Seksyen U10, Shah Alam, Selangor Darul Ehsan. | F187: =IF(rekod!F180="","",rekod!F180) -> BERSETUJU
A188: =IF(rekod!B181="","",A187+1) -> 175 | B188: =IF(A188="","",UPPER(rekod!B181)) -> TETUAN TUAH KAYANGAN DEVELOPMENT SDN. BHD. | C188: =IF(B188="","",rekod!D181) -> MPAJ | D188: =IF(B188="","",rekod!E181) -> 2018 | E188: =IF(B188="","",PROPER(rekod!H181)) -> Permohonan Kebenaran Merancang Bagi Serah Balik Dan Kurnia Semula Tanah Di Bawah Seksyen 197 & 76 Kanun Tanah Negara (Ktn) Bagi Cadangan Pembangunan 1800 Unit Kondominium Dan Pangsapuri “Rumah Selangorku” Diatas Lot Pt 14558 Hingga Lot Pt 14674 Dan Sebahagian Tanah Kerajaan Yang Dipohon (Lot Lama 17837), Bukit Cheras, Mukim Bandar Ampang, Daerah Hulu Langat, Selangor Darul Ehsan. | F188: =IF(rekod!F181="","",rekod!F181) -> BERSETUJU
A189: =IF(rekod!B182="","",A188+1) -> 176 | B189: =IF(A189="","",UPPER(rekod!B182)) -> TETUAN SIN HEAP LEE DEVELOPMENT SDN. BHD, | C189: =IF(B189="","",rekod!D182) -> MPKj | D189: =IF(B189="","",rekod!E182) -> 2018 | E189: =IF(B189="","",PROPER(rekod!H182)) -> Permohonan Kebenaran Merancang Untuk Tujuan Menukar Syarat Kegunaan Tanah Dan Pecah Sempadan Tanah Secara Serentak Di Bawah Seksyen 124A Kanun Tanah Negara Daripada Perindustrian Kepada Bangunan (Kediaman) Bagi Cadangan Pembangunan Perumahan Di Atas Lot 7990, Mukim Semenyih, Daerah Hulu Langat, Selangor Darul Ehsan. | F189: =IF(rekod!F182="","",rekod!F182) -> BERSETUJU
... A246: =IF(rekod!B239="","",A245+1) -> 233 | B246: =IF(A246="","",UPPER(rekod!B239)) -> TETUAN MAGNA BAY SDN. BHD. | C246: =IF(B246="","",rekod!D239) -> MPKj | D246: =IF(B246="","",rekod!E239) -> 2022 | E246: =IF(B246="","",PROPER(rekod!H239)) -> Permohonan Pelupusan Secara Pemberimilikan Tanah Kerajaan Di Bawah Seksyen 76, Kanun Tanah Negara, Bandar Cheras, Daerah Hulu Langat, Bagi Tujuan Perusahaan. | F246: =IF(rekod!F239="","",rekod!F239) -> BERSETUJU
A247: =IF(rekod!B241="","",A246+1) -> 234 | B247: =IF(A247="","",UPPER(rekod!B241)) -> TETUAN TRIDENT TREASURE SDN. BHD. | C247: =IF(B247="","",rekod!D241) -> MBSJ | D247: =IF(B247="","",rekod!E241) -> 2022 | E247: =IF(B247="","",PROPER(rekod!H241)) -> Permohonan Pindaan Kebenaran Merancang (Pelan Susunatur Yang Telah Diluluskan Bil. Mpsj/Jpb/600-1/2/14/Ps(A) Bertarikh 15 Februari 2022) Bagi Sebahagian Pembangunan Bercampur Di Atas Pt 62420 Dan Pt 62421, Taman Puj 9/11, Bandar Putra Permai, Mukim Petaling, Daerah Petaling, Selangor Darul Ehsan. | F247: =IF(rekod!F241="","",rekod!F241) -> DITOLAK
A248: =IF(rekod!B242="","",A247+1) -> 235 | B248: =IF(A248="","",UPPER(rekod!B242)) -> TETUAN FIESTA SENADA SDN. BHD. | C248: =IF(B248="","",rekod!D242) -> MPKj | D248: =IF(B248="","",rekod!E242) -> 2022 | E248: =IF(B248="","",PROPER(rekod!H242)) -> Permohonan Kebenaran Merancang Bagi Cadangan Pelan Susunatur Membina Pangsapuri Yang Mengandungi : Plot 1 I. 1 Blok (Blok A) Pangsapuri Kos Bebas (241 Unit) 26 Tingkat Termasuk 4 Tingkat Podium Tempat Letak Kereta & Kemudahan Ii. 1 Blok (Blok B) Pangsapuri Kos Bebas (241 Unit) 26 Tingkat Termasuk 4 Tingkat Podium Tempat Letak Kereta & Kemudahan Plot 2 I. 1 Blok (Blok A) Pangsapuri Rsku (288 Unit) Jenis B – 96 Unit, Jenis C – 96 Unit & Jenisd 96 Unit, 22 Tingkat Termasuk 5 Tingkat Podium Tempat Letak Kereta & 1 Tingkat Kemudahan Ii. 1 Blok (Blok B) Pangsapuri Rsku (194 Unit) Jenis A-194 Unit, 16 Tingkat Termasuk 3 Tingkat Podium Tempat Letak Kereta & Kemudahan Di Bawah Seksyen 204D Kanun Tanah Negara Di Atas Lot 1211, Mukim Cheras, Daerah Hulu Langat, Selangor Darul Ehsan. | F248: =IF(rekod!F242="","",rekod!F242) -> BERSETUJU
A249: =IF(rekod!B243="","",A248+1) -> 236 | B249: =IF(A249="","",UPPER(rekod!B243)) -> TETUAN NCT LAND SDN. BHD. DAN NCT CONSOLIDATED SDN. BHD. | C249: =IF(B249="","",rekod!D243) -> MPKL | D249: =IF(B249="","",rekod!E243) -> 2022 | E249: =IF(B249="","",PROPER(rekod!H243)) -> Permohonan Kebenaran Merancang Mengikut Seksyen 21(1), Akta Perancangan Bandar Dan Desa 1976 (Akta 172) Bagi Penyerahan Balik Dan Berimilik Semula Di Bawah Seksyen 204B Kanun Tanah Negara 1965 (Akta 56) Bagi Cadangan Perindustrian ‘Managed Industrial Park’ (Mip) Di Atas Lot 12193, Pt34036, Pt34037, Pt34038, Pt 34039 Pt34040 Dan Pt34043 Berkeluasan 732.53 Ekar, Mukim Tanjong Duabelas, Daerah Kuala Langat, Selangor Darul Ehsan. | F249: =IF(rekod!F243="","",rekod!F243) -> BERSETUJU
A250: =IF(rekod!B244="","",A249+1) -> 237 | B250: =IF(A250="","",UPPER(rekod!B244)) -> TETUAN AMONA MKH VENTURES SDN. BHD. | C250: =IF(B250="","",rekod!D244) -> MPKj | D250: =IF(B250="","",rekod!E244) -> 2022 | E250: =IF(B250="","",PROPER(rekod!H244)) -> Permohonan Kebenaran Merancang Pendirian Bangunan Bagi Cadangan Pembangunan Perumahan Yang Mengandungi : Plot 1 I. 2 Blok Kondominium (524 Unit) A) Blok A – 23 Tingkat 260 Unit Beserta 1 Tingkat Kemudahan (Tingkat 1) B) Blok C – 22 Tingkat 264 Unit Ii. 1 Blok Podium 4 Tingkat (Blok B) Yang Mengandungi : A) 4 Tingkat Tempat Letak Kereta B) 1 Tingkat Kemudahan Rekreasi (Tingkat 5) Iii. 1 Unit Kebuk Sampah Iv. 1 Unit Pondok Pengawal V. 1 Unit Blok Bangunan Terbahagi Kepada Dua Pencawang Elektrik Plot 2 I. 1 Blok Rumah Selangorku 17 Tingkat (228 Unit) Termasuk A) 5 Unit Kedai B) 1 Blok Podium 5 Tingkat Beserta Kemudahan Rekreasi Ii. 1 Unit Pondok Pengawal Di Atas Lot 2005 Dan 1 Unit Stesen Pam Loji Rawatan Kumbahan Lot 2006, Di Bawah Seksyen 137 Dan Seksyen 200 Kanun Tanah Negara 1965 (Akta 56) Mukim Semenyih, Daerah Ulu Langat, Selangor Darul Ehsan. | F250: =IF(rekod!F244="","",rekod!F244) -> DITOLAK
A251: =IF(rekod!B245="","",A250+1) -> 238 | B251: =IF(A251="","",UPPER(rekod!B245)) -> TETUAN TROPICANA ALAM SDN. BHD. | C251: =IF(B251="","",rekod!D245) -> MPKS | D251: =IF(B251="","",rekod!E245) -> 2022 | E251: =IF(B251="","",PROPER(rekod!H245)) -> Permohonan Kebenaran Merancang Bagi Cadangan Pembangunan Perumahan Teres 2 Tingkat 20’ X 70’ Dan 22’ X 70’ Dan Rumah Selangorku (Rsku) Secara Penyerahan Balik Dan Pemberimilikan Semula Tanah Di Bawah Seksyen 204B Kanun Tanah Negara (Ktn) Di Atas Lot 33962 (Plot C) Seluas 87,423 Ekar, Persiaran Puncak Alam 6, 42300 Bandar Puncak Alam, Mukim Ijok, Daerah Kuala Selangor,Selangor Darul Ehsan | F251: =IF(rekod!F245="","",rekod!F245) -> DITOLAK
A252: =IF(rekod!B246="","",A251+1) -> 239 | B252: =IF(A252="","",UPPER(rekod!B246)) -> TETUAN GENISAN A/L MUTHAN | C252: =IF(B252="","",rekod!D246) -> MPHS | D252: =IF(B252="","",rekod!E246) -> 2022 | E252: =IF(B252="","",PROPER(rekod!H246)) -> Cadangan Pembangunan Inap Dusun Yang Mengandungi 1 Unit Rumah Dusun 2 Tingkat Beserta 1 Tingkat Bawah Tanah Di Atas Lot Pt81, Mukim Buloh Telor, Daerah Hulu Selangor, Selangor Darul Ehsan. | F252: =IF(rekod!F246="","",rekod!F246) -> DITOLAK
A253: =IF(rekod!B247="","",A252+1) -> 240 | B253: =IF(A253="","",UPPER(rekod!B247)) -> TETUAN SIME DARBY PROPERTY (LAGONG) SDN. BHD. | C253: =IF(B253="","",rekod!D247) -> MPS | D253: =IF(B253="","",rekod!E247) -> 2022 | E253: =IF(B253="","",PROPER(rekod!H247)) -> Permohonan Jawatankuasa Teknikal Kawasan Sensitif Alam Sekitar Negeri Selangor (Jtksas) Di Atas Cadangan Permohonan Pindaan Pelan Induk Pembangunan Bercampur Di Atas Lot 482, 484, 6, 688, 35231, 1424,1000, 1020, 493, 1023, 492, 5399, 1427, 1430, 1876 & 1433, 1434, 993, 494, 491, 41, 42, 4157 Mukim Rawang, Lot 488, 489, 497, 498 Pekan Kuang, Pt 49797 Dan Lot 35227 Lagong Mas, Daerah Gombak, Selangor Darul Ehsan. | F253: =IF(rekod!F247="","",rekod!F247) -> BERSETUJU
A254: =IF(rekod!B248="","",A253+1) -> 241 | B254: =IF(A254="","",UPPER(rekod!B248)) -> TETUAN BAGAN TEGUH SDN. BHD. | C254: =IF(B254="","",rekod!D248) -> MPKj | D254: =IF(B254="","",rekod!E248) -> 2022 | E254: =IF(B254="","",PROPER(rekod!H248)) -> Permohonan Kebenaran Merancang Bagi Pengesahan Semula Untuk Cadangan Pembangunan 51 Unit Rumah Teres 3 Tingkat (15’ X 55’) Di Atas Pt 13569 Hingga Lot 20032, Mukim Cheras, Daerah Hulu Langat, Selangor Darul Ehsan. | F254: =IF(rekod!F248="","",rekod!F248) -> BERSETUJU
A255: =IF(rekod!B249="","",A254+1) -> 242 | B255: =IF(A255="","",UPPER(rekod!B249)) -> TETUAN TEKNI HILIRAN SDN. BHD. | C255: =IF(B255="","",rekod!D249) -> MPSpg | D255: =IF(B255="","",rekod!E249) -> 2022 | E255: =IF(B255="","",PROPER(rekod!H249)) -> Permohonan Kebenaran Merancang Bagi Cadangan Pembangunan Yang Mengandungi ; I) 13 Unit Rumah Sesebuah 2 Tingkat Di Atas Lot 20834, Lot 20835, Lot 20837, Lot 20838, Lot 20839, Lot 20840, Lot 20841, Lot 20843, Lot 20847, Lot 20848, Lot 20850, Lot 20851 Dan Lot 20852, (Sebahagian Lot Asal Lot 9024), Tanah Simpanan Melayu Sungai Merab, Mukim Dengkil, Daerah Sepang, Selangor Darul Ehsan. | F255: =IF(rekod!F249="","",rekod!F249) -> DITOLAK
